Year,Location,Sex,Pop
2011,Andaman & Nicobar Islands,Total,381000
2011,Andaman & Nicobar Islands,Male,203000
2011,Andaman & Nicobar Islands,Female,178000
2012,Andaman & Nicobar Islands,Total,383000
2012,Andaman & Nicobar Islands,Male,204000
2012,Andaman & Nicobar Islands,Female,179000
2013,Andaman & Nicobar Islands,Total,385000
2013,Andaman & Nicobar Islands,Male,205000
2013,Andaman & Nicobar Islands,Female,180000
2014,Andaman & Nicobar Islands,Total,387000
2014,Andaman & Nicobar Islands,Male,206000
2014,Andaman & Nicobar Islands,Female,182000
2015,Andaman & Nicobar Islands,Total,390000
2015,Andaman & Nicobar Islands,Male,207000
2015,Andaman & Nicobar Islands,Female,183000
2016,Andaman & Nicobar Islands,Total,392000
2016,Andaman & Nicobar Islands,Male,208000
2016,Andaman & Nicobar Islands,Female,184000
2017,Andaman & Nicobar Islands,Total,394000
2017,Andaman & Nicobar Islands,Male,208000
2017,Andaman & Nicobar Islands,Female,185000
2018,Andaman & Nicobar Islands,Total,395000
2018,Andaman & Nicobar Islands,Male,209000
2018,Andaman & Nicobar Islands,Female,186000
2019,Andaman & Nicobar Islands,Total,397000
2019,Andaman & Nicobar Islands,Male,210000
2019,Andaman & Nicobar Islands,Female,187000
2020,Andaman & Nicobar Islands,Total,399000
2020,Andaman & Nicobar Islands,Male,211000
2020,Andaman & Nicobar Islands,Female,188000
2021,Andaman & Nicobar Islands,Total,400000
2021,Andaman & Nicobar Islands,Male,211000
2021,Andaman & Nicobar Islands,Female,189000
2022,Andaman & Nicobar Islands,Total,402000
2022,Andaman & Nicobar Islands,Male,212000
2022,Andaman & Nicobar Islands,Female,190000
2023,Andaman & Nicobar Islands,Total,403000
2023,Andaman & Nicobar Islands,Male,212000
2023,Andaman & Nicobar Islands,Female,190000
2024,Andaman & Nicobar Islands,Total,404000
2024,Andaman & Nicobar Islands,Male,213000
2024,Andaman & Nicobar Islands,Female,191000
2025,Andaman & Nicobar Islands,Total,405000
2025,Andaman & Nicobar Islands,Male,213000
2025,Andaman & Nicobar Islands,Female,192000
2026,Andaman & Nicobar Islands,Total,406000
2026,Andaman & Nicobar Islands,Male,214000
2026,Andaman & Nicobar Islands,Female,192000
2027,Andaman & Nicobar Islands,Total,407000
2027,Andaman & Nicobar Islands,Male,214000
2027,Andaman & Nicobar Islands,Female,193000
2028,Andaman & Nicobar Islands,Total,408000
2028,Andaman & Nicobar Islands,Male,214000
2028,Andaman & Nicobar Islands,Female,193000
2029,Andaman & Nicobar Islands,Total,409000
2029,Andaman & Nicobar Islands,Male,215000
2029,Andaman & Nicobar Islands,Female,194000
2030,Andaman & Nicobar Islands,Total,410000
2030,Andaman & Nicobar Islands,Male,215000
2030,Andaman & Nicobar Islands,Female,194000
2031,Andaman & Nicobar Islands,Total,410000
2031,Andaman & Nicobar Islands,Male,216000
2031,Andaman & Nicobar Islands,Female,195000
2032,Andaman & Nicobar Islands,Total,411000
2032,Andaman & Nicobar Islands,Male,216000
2032,Andaman & Nicobar Islands,Female,195000
2033,Andaman & Nicobar Islands,Total,412000
2033,Andaman & Nicobar Islands,Male,216000
2033,Andaman & Nicobar Islands,Female,196000
2034,Andaman & Nicobar Islands,Total,412000
2034,Andaman & Nicobar Islands,Male,216000
2034,Andaman & Nicobar Islands,Female,196000
2035,Andaman & Nicobar Islands,Total,413000
2035,Andaman & Nicobar Islands,Male,216000
2035,Andaman & Nicobar Islands,Female,196000
2036,Andaman & Nicobar Islands,Total,413000
2036,Andaman & Nicobar Islands,Male,217000
2036,Andaman & Nicobar Islands,Female,197000
2011,Andhra Pradesh,Total,49577000
2011,Andhra Pradesh,Male,24831000
2011,Andhra Pradesh,Female,24747000
2012,Andhra Pradesh,Total,49936000
2012,Andhra Pradesh,Male,25006000
2012,Andhra Pradesh,Female,24929000
2013,Andhra Pradesh,Total,50295000
2013,Andhra Pradesh,Male,25182000
2013,Andhra Pradesh,Female,25112000
2014,Andhra Pradesh,Total,50654000
2014,Andhra Pradesh,Male,25358000
2014,Andhra Pradesh,Female,25295000
2015,Andhra Pradesh,Total,51012000
2015,Andhra Pradesh,Male,25534000
2015,Andhra Pradesh,Female,25478000
2016,Andhra Pradesh,Total,51371000
2016,Andhra Pradesh,Male,25710000
2016,Andhra Pradesh,Female,25661000
2017,Andhra Pradesh,Total,51655000
2017,Andhra Pradesh,Male,25849000
2017,Andhra Pradesh,Female,25806000
2018,Andhra Pradesh,Total,51938000
2018,Andhra Pradesh,Male,25987000
2018,Andhra Pradesh,Female,25950000
2019,Andhra Pradesh,Total,52221000
2019,Andhra Pradesh,Male,26126000
2019,Andhra Pradesh,Female,26095000
2020,Andhra Pradesh,Total,52504000
2020,Andhra Pradesh,Male,26265000
2020,Andhra Pradesh,Female,26240000
2021,Andhra Pradesh,Total,52787000
2021,Andhra Pradesh,Male,26403000
2021,Andhra Pradesh,Female,26384000
2022,Andhra Pradesh,Total,52972000
2022,Andhra Pradesh,Male,26489000
2022,Andhra Pradesh,Female,26482000
2023,Andhra Pradesh,Total,53156000
2023,Andhra Pradesh,Male,26576000
2023,Andhra Pradesh,Female,26580000
2024,Andhra Pradesh,Total,53340000
2024,Andhra Pradesh,Male,26662000
2024,Andhra Pradesh,Female,26678000
2025,Andhra Pradesh,Total,53524000
2025,Andhra Pradesh,Male,26748000
2025,Andhra Pradesh,Female,26776000
2026,Andhra Pradesh,Total,53709000
2026,Andhra Pradesh,Male,26834000
2026,Andhra Pradesh,Female,26874000
2027,Andhra Pradesh,Total,53802000
2027,Andhra Pradesh,Male,26874000
2027,Andhra Pradesh,Female,26928000
2028,Andhra Pradesh,Total,53895000
2028,Andhra Pradesh,Male,26914000
2028,Andhra Pradesh,Female,26982000
2029,Andhra Pradesh,Total,53989000
2029,Andhra Pradesh,Male,26953000
2029,Andhra Pradesh,Female,27035000
2030,Andhra Pradesh,Total,54082000
2030,Andhra Pradesh,Male,26993000
2030,Andhra Pradesh,Female,27089000
2031,Andhra Pradesh,Total,54175000
2031,Andhra Pradesh,Male,27033000
2031,Andhra Pradesh,Female,27142000
2032,Andhra Pradesh,Total,54191000
2032,Andhra Pradesh,Male,27032000
2032,Andhra Pradesh,Female,27158000
2033,Andhra Pradesh,Total,54206000
2033,Andhra Pradesh,Male,27031000
2033,Andhra Pradesh,Female,27174000
2034,Andhra Pradesh,Total,54221000
2034,Andhra Pradesh,Male,27031000
2034,Andhra Pradesh,Female,27190000
2035,Andhra Pradesh,Total,54236000
2035,Andhra Pradesh,Male,27030000
2035,Andhra Pradesh,Female,27206000
2036,Andhra Pradesh,Total,54252000
2036,Andhra Pradesh,Male,27029000
2036,Andhra Pradesh,Female,27223000
2011,Arunachal Pradesh,Total,1384000
2011,Arunachal Pradesh,Male,714000
2011,Arunachal Pradesh,Female,670000
2012,Arunachal Pradesh,Total,1399000
2012,Arunachal Pradesh,Male,722000
2012,Arunachal Pradesh,Female,677000
2013,Arunachal Pradesh,Total,1414000
2013,Arunachal Pradesh,Male,729000
2013,Arunachal Pradesh,Female,685000
2014,Arunachal Pradesh,Total,1429000
2014,Arunachal Pradesh,Male,737000
2014,Arunachal Pradesh,Female,692000
2015,Arunachal Pradesh,Total,1444000
2015,Arunachal Pradesh,Male,744000
2015,Arunachal Pradesh,Female,700000
2016,Arunachal Pradesh,Total,1459000
2016,Arunachal Pradesh,Male,752000
2016,Arunachal Pradesh,Female,707000
2017,Arunachal Pradesh,Total,1474000
2017,Arunachal Pradesh,Male,759000
2017,Arunachal Pradesh,Female,715000
2018,Arunachal Pradesh,Total,1489000
2018,Arunachal Pradesh,Male,767000
2018,Arunachal Pradesh,Female,722000
2019,Arunachal Pradesh,Total,1504000
2019,Arunachal Pradesh,Male,774000
2019,Arunachal Pradesh,Female,730000
2020,Arunachal Pradesh,Total,1519000
2020,Arunachal Pradesh,Male,781000
2020,Arunachal Pradesh,Female,737000
2021,Arunachal Pradesh,Total,1533000
2021,Arunachal Pradesh,Male,789000
2021,Arunachal Pradesh,Female,745000
2022,Arunachal Pradesh,Total,1548000
2022,Arunachal Pradesh,Male,796000
2022,Arunachal Pradesh,Female,752000
2023,Arunachal Pradesh,Total,1562000
2023,Arunachal Pradesh,Male,803000
2023,Arunachal Pradesh,Female,759000
2024,Arunachal Pradesh,Total,1576000
2024,Arunachal Pradesh,Male,810000
2024,Arunachal Pradesh,Female,766000
2025,Arunachal Pradesh,Total,1590000
2025,Arunachal Pradesh,Male,817000
2025,Arunachal Pradesh,Female,773000
2026,Arunachal Pradesh,Total,1604000
2026,Arunachal Pradesh,Male,824000
2026,Arunachal Pradesh,Female,781000
2027,Arunachal Pradesh,Total,1617000
2027,Arunachal Pradesh,Male,830000
2027,Arunachal Pradesh,Female,787000
2028,Arunachal Pradesh,Total,1630000
2028,Arunachal Pradesh,Male,836000
2028,Arunachal Pradesh,Female,794000
2029,Arunachal Pradesh,Total,1643000
2029,Arunachal Pradesh,Male,842000
2029,Arunachal Pradesh,Female,800000
2030,Arunachal Pradesh,Total,1656000
2030,Arunachal Pradesh,Male,849000
2030,Arunachal Pradesh,Female,807000
2031,Arunachal Pradesh,Total,1669000
2031,Arunachal Pradesh,Male,855000
2031,Arunachal Pradesh,Female,814000
2032,Arunachal Pradesh,Total,1679000
2032,Arunachal Pradesh,Male,859000
2032,Arunachal Pradesh,Female,819000
2033,Arunachal Pradesh,Total,1689000
2033,Arunachal Pradesh,Male,864000
2033,Arunachal Pradesh,Female,824000
2034,Arunachal Pradesh,Total,1699000
2034,Arunachal Pradesh,Male,869000
2034,Arunachal Pradesh,Female,830000
2035,Arunachal Pradesh,Total,1709000
2035,Arunachal Pradesh,Male,874000
2035,Arunachal Pradesh,Female,835000
2036,Arunachal Pradesh,Total,1719000
2036,Arunachal Pradesh,Male,878000
2036,Arunachal Pradesh,Female,841000
2011,Assam,Total,31206000
2011,Assam,Male,15939000
2011,Assam,Female,15266000
2012,Assam,Total,31598000
2012,Assam,Male,16135000
2012,Assam,Female,15464000
2013,Assam,Total,31991000
2013,Assam,Male,16330000
2013,Assam,Female,15661000
2014,Assam,Total,32383000
2014,Assam,Male,16525000
2014,Assam,Female,15858000
2015,Assam,Total,32776000
2015,Assam,Male,16720000
2015,Assam,Female,16056000
2016,Assam,Total,33168000
2016,Assam,Male,16915000
2016,Assam,Female,16253000
2017,Assam,Total,33543000
2017,Assam,Male,17100000
2017,Assam,Female,16443000
2018,Assam,Total,33918000
2018,Assam,Male,17286000
2018,Assam,Female,16632000
2019,Assam,Total,34293000
2019,Assam,Male,17472000
2019,Assam,Female,16822000
2020,Assam,Total,34668000
2020,Assam,Male,17657000
2020,Assam,Female,17011000
2021,Assam,Total,35043000
2021,Assam,Male,17843000
2021,Assam,Female,17200000
2022,Assam,Total,35378000
2022,Assam,Male,18006000
2022,Assam,Female,17371000
2023,Assam,Total,35713000
2023,Assam,Male,18170000
2023,Assam,Female,17543000
2024,Assam,Total,36047000
2024,Assam,Male,18334000
2024,Assam,Female,17714000
2025,Assam,Total,36382000
2025,Assam,Male,18497000
2025,Assam,Female,17885000
2026,Assam,Total,36717000
2026,Assam,Male,18661000
2026,Assam,Female,18056000
2027,Assam,Total,37012000
2027,Assam,Male,18803000
2027,Assam,Female,18209000
2028,Assam,Total,37308000
2028,Assam,Male,18945000
2028,Assam,Female,18363000
2029,Assam,Total,37604000
2029,Assam,Male,19088000
2029,Assam,Female,18517000
2030,Assam,Total,37900000
2030,Assam,Male,19230000
2030,Assam,Female,18671000
2031,Assam,Total,38196000
2031,Assam,Male,19372000
2031,Assam,Female,18824000
2032,Assam,Total,38437000
2032,Assam,Male,19485000
2032,Assam,Female,18952000
2033,Assam,Total,38677000
2033,Assam,Male,19597000
2033,Assam,Female,19080000
2034,Assam,Total,38918000
2034,Assam,Male,19710000
2034,Assam,Female,19208000
2035,Assam,Total,39158000
2035,Assam,Male,19823000
2035,Assam,Female,19336000
2036,Assam,Total,39399000
2036,Assam,Male,19935000
2036,Assam,Female,19464000
2011,Bihar,Total,104099000
2011,Bihar,Male,54278000
2011,Bihar,Female,49821000
2012,Bihar,Total,106115000
2012,Bihar,Male,55317000
2012,Bihar,Female,50798000
2013,Bihar,Total,108130000
2013,Bihar,Male,56356000
2013,Bihar,Female,51774000
2014,Bihar,Total,110145000
2014,Bihar,Male,57395000
2014,Bihar,Female,52750000
2015,Bihar,Total,112161000
2015,Bihar,Male,58434000
2015,Bihar,Female,53727000
2016,Bihar,Total,114176000
2016,Bihar,Male,59473000
2016,Bihar,Female,54703000
2017,Bihar,Total,115957000
2017,Bihar,Male,60381000
2017,Bihar,Female,55577000
2018,Bihar,Total,117739000
2018,Bihar,Male,61289000
2018,Bihar,Female,56450000
2019,Bihar,Total,119520000
2019,Bihar,Male,62196000
2019,Bihar,Female,57324000
2020,Bihar,Total,121302000
2020,Bihar,Male,63104000
2020,Bihar,Female,58197000
2021,Bihar,Total,123083000
2021,Bihar,Male,64012000
2021,Bihar,Female,59071000
2022,Bihar,Total,124919000
2022,Bihar,Male,64939000
2022,Bihar,Female,59981000
2023,Bihar,Total,126756000
2023,Bihar,Male,65865000
2023,Bihar,Female,60891000
2024,Bihar,Total,128592000
2024,Bihar,Male,66792000
2024,Bihar,Female,61801000
2025,Bihar,Total,130429000
2025,Bihar,Male,67719000
2025,Bihar,Female,62710000
2026,Bihar,Total,132265000
2026,Bihar,Male,68645000
2026,Bihar,Female,63620000
2027,Bihar,Total,134020000
2027,Bihar,Male,69525000
2027,Bihar,Female,64495000
2028,Bihar,Total,135775000
2028,Bihar,Male,70405000
2028,Bihar,Female,65370000
2029,Bihar,Total,137531000
2029,Bihar,Male,71285000
2029,Bihar,Female,66246000
2030,Bihar,Total,139286000
2030,Bihar,Male,72165000
2030,Bihar,Female,67121000
2031,Bihar,Total,141041000
2031,Bihar,Male,73045000
2031,Bihar,Female,67996000
2032,Bihar,Total,142548000
2032,Bihar,Male,73795000
2032,Bihar,Female,68752000
2033,Bihar,Total,144055000
2033,Bihar,Male,74546000
2033,Bihar,Female,69509000
2034,Bihar,Total,145562000
2034,Bihar,Male,75296000
2034,Bihar,Female,70266000
2035,Bihar,Total,147069000
2035,Bihar,Male,76046000
2035,Bihar,Female,71022000
2036,Bihar,Total,148576000
2036,Bihar,Male,76797000
2036,Bihar,Female,71779000
2011,Chandigarh,Total,1055000
2011,Chandigarh,Male,581000
2011,Chandigarh,Female,475000
2012,Chandigarh,Total,1072000
2012,Chandigarh,Male,589000
2012,Chandigarh,Female,483000
2013,Chandigarh,Total,1088000
2013,Chandigarh,Male,596000
2013,Chandigarh,Female,491000
2014,Chandigarh,Total,1104000
2014,Chandigarh,Male,604000
2014,Chandigarh,Female,500000
2015,Chandigarh,Total,1120000
2015,Chandigarh,Male,612000
2015,Chandigarh,Female,508000
2016,Chandigarh,Total,1136000
2016,Chandigarh,Male,620000
2016,Chandigarh,Female,516000
2017,Chandigarh,Total,1151000
2017,Chandigarh,Male,627000
2017,Chandigarh,Female,524000
2018,Chandigarh,Total,1165000
2018,Chandigarh,Male,633000
2018,Chandigarh,Female,531000
2019,Chandigarh,Total,1179000
2019,Chandigarh,Male,640000
2019,Chandigarh,Female,539000
2020,Chandigarh,Total,1193000
2020,Chandigarh,Male,647000
2020,Chandigarh,Female,546000
2021,Chandigarh,Total,1208000
2021,Chandigarh,Male,654000
2021,Chandigarh,Female,554000
2022,Chandigarh,Total,1219000
2022,Chandigarh,Male,659000
2022,Chandigarh,Female,560000
2023,Chandigarh,Total,1231000
2023,Chandigarh,Male,665000
2023,Chandigarh,Female,567000
2024,Chandigarh,Total,1243000
2024,Chandigarh,Male,670000
2024,Chandigarh,Female,573000
2025,Chandigarh,Total,1255000
2025,Chandigarh,Male,675000
2025,Chandigarh,Female,580000
2026,Chandigarh,Total,1267000
2026,Chandigarh,Male,681000
2026,Chandigarh,Female,586000
2027,Chandigarh,Total,1277000
2027,Chandigarh,Male,685000
2027,Chandigarh,Female,592000
2028,Chandigarh,Total,1287000
2028,Chandigarh,Male,690000
2028,Chandigarh,Female,597000
2029,Chandigarh,Total,1298000
2029,Chandigarh,Male,695000
2029,Chandigarh,Female,603000
2030,Chandigarh,Total,1308000
2030,Chandigarh,Male,699000
2030,Chandigarh,Female,609000
2031,Chandigarh,Total,1318000
2031,Chandigarh,Male,704000
2031,Chandigarh,Female,614000
2032,Chandigarh,Total,1326000
2032,Chandigarh,Male,707000
2032,Chandigarh,Female,619000
2033,Chandigarh,Total,1335000
2033,Chandigarh,Male,711000
2033,Chandigarh,Female,624000
2034,Chandigarh,Total,1343000
2034,Chandigarh,Male,715000
2034,Chandigarh,Female,628000
2035,Chandigarh,Total,1351000
2035,Chandigarh,Male,718000
2035,Chandigarh,Female,633000
2036,Chandigarh,Total,1360000
2036,Chandigarh,Male,722000
2036,Chandigarh,Female,638000
2011,Chhattisgarh,Total,25545000
2011,Chhattisgarh,Male,12833000
2011,Chhattisgarh,Female,12712000
2012,Chhattisgarh,Total,25950000
2012,Chhattisgarh,Male,13033000
2012,Chhattisgarh,Female,12917000
2013,Chhattisgarh,Total,26356000
2013,Chhattisgarh,Male,13233000
2013,Chhattisgarh,Female,13122000
2014,Chhattisgarh,Total,26761000
2014,Chhattisgarh,Male,13434000
2014,Chhattisgarh,Female,13327000
2015,Chhattisgarh,Total,27166000
2015,Chhattisgarh,Male,13634000
2015,Chhattisgarh,Female,13532000
2016,Chhattisgarh,Total,27571000
2016,Chhattisgarh,Male,13834000
2016,Chhattisgarh,Female,13738000
2017,Chhattisgarh,Total,27956000
2017,Chhattisgarh,Male,14026000
2017,Chhattisgarh,Female,13930000
2018,Chhattisgarh,Total,28340000
2018,Chhattisgarh,Male,14218000
2018,Chhattisgarh,Female,14122000
2019,Chhattisgarh,Total,28724000
2019,Chhattisgarh,Male,14410000
2019,Chhattisgarh,Female,14314000
2020,Chhattisgarh,Total,29109000
2020,Chhattisgarh,Male,14602000
2020,Chhattisgarh,Female,14506000
2021,Chhattisgarh,Total,29493000
2021,Chhattisgarh,Male,14794000
2021,Chhattisgarh,Female,14698000
2022,Chhattisgarh,Total,29836000
2022,Chhattisgarh,Male,14966000
2022,Chhattisgarh,Female,14871000
2023,Chhattisgarh,Total,30180000
2023,Chhattisgarh,Male,15137000
2023,Chhattisgarh,Female,15043000
2024,Chhattisgarh,Total,30524000
2024,Chhattisgarh,Male,15308000
2024,Chhattisgarh,Female,15215000
2025,Chhattisgarh,Total,30867000
2025,Chhattisgarh,Male,15480000
2025,Chhattisgarh,Female,15388000
2026,Chhattisgarh,Total,31211000
2026,Chhattisgarh,Male,15651000
2026,Chhattisgarh,Female,15560000
2027,Chhattisgarh,Total,31512000
2027,Chhattisgarh,Male,15801000
2027,Chhattisgarh,Female,15711000
2028,Chhattisgarh,Total,31814000
2028,Chhattisgarh,Male,15952000
2028,Chhattisgarh,Female,15862000
2029,Chhattisgarh,Total,32116000
2029,Chhattisgarh,Male,16103000
2029,Chhattisgarh,Female,16013000
2030,Chhattisgarh,Total,32417000
2030,Chhattisgarh,Male,16253000
2030,Chhattisgarh,Female,16164000
2031,Chhattisgarh,Total,32719000
2031,Chhattisgarh,Male,16404000
2031,Chhattisgarh,Female,16315000
2032,Chhattisgarh,Total,32991000
2032,Chhattisgarh,Male,16538000
2032,Chhattisgarh,Female,16453000
2033,Chhattisgarh,Total,33264000
2033,Chhattisgarh,Male,16673000
2033,Chhattisgarh,Female,16591000
2034,Chhattisgarh,Total,33536000
2034,Chhattisgarh,Male,16807000
2034,Chhattisgarh,Female,16729000
2035,Chhattisgarh,Total,33809000
2035,Chhattisgarh,Male,16941000
2035,Chhattisgarh,Female,16867000
2036,Chhattisgarh,Total,34081000
2036,Chhattisgarh,Male,17076000
2036,Chhattisgarh,Female,17005000
2011,Dadra & Nagar Haveli,Total,344000
2011,Dadra & Nagar Haveli,Male,194000
2011,Dadra & Nagar Haveli,Female,150000
2012,Dadra & Nagar Haveli,Total,365000
2012,Dadra & Nagar Haveli,Male,207000
2012,Dadra & Nagar Haveli,Female,158000
2013,Dadra & Nagar Haveli,Total,387000
2013,Dadra & Nagar Haveli,Male,221000
2013,Dadra & Nagar Haveli,Female,166000
2014,Dadra & Nagar Haveli,Total,409000
2014,Dadra & Nagar Haveli,Male,235000
2014,Dadra & Nagar Haveli,Female,174000
2015,Dadra & Nagar Haveli,Total,431000
2015,Dadra & Nagar Haveli,Male,248000
2015,Dadra & Nagar Haveli,Female,182000
2016,Dadra & Nagar Haveli,Total,452000
2016,Dadra & Nagar Haveli,Male,262000
2016,Dadra & Nagar Haveli,Female,190000
2017,Dadra & Nagar Haveli,Total,483000
2017,Dadra & Nagar Haveli,Male,282000
2017,Dadra & Nagar Haveli,Female,201000
2018,Dadra & Nagar Haveli,Total,515000
2018,Dadra & Nagar Haveli,Male,303000
2018,Dadra & Nagar Haveli,Female,212000
2019,Dadra & Nagar Haveli,Total,546000
2019,Dadra & Nagar Haveli,Male,323000
2019,Dadra & Nagar Haveli,Female,223000
2020,Dadra & Nagar Haveli,Total,577000
2020,Dadra & Nagar Haveli,Male,343000
2020,Dadra & Nagar Haveli,Female,234000
2021,Dadra & Nagar Haveli,Total,608000
2021,Dadra & Nagar Haveli,Male,363000
2021,Dadra & Nagar Haveli,Female,245000
2022,Dadra & Nagar Haveli,Total,654000
2022,Dadra & Nagar Haveli,Male,394000
2022,Dadra & Nagar Haveli,Female,260000
2023,Dadra & Nagar Haveli,Total,699000
2023,Dadra & Nagar Haveli,Male,424000
2023,Dadra & Nagar Haveli,Female,275000
2024,Dadra & Nagar Haveli,Total,745000
2024,Dadra & Nagar Haveli,Male,455000
2024,Dadra & Nagar Haveli,Female,290000
2025,Dadra & Nagar Haveli,Total,790000
2025,Dadra & Nagar Haveli,Male,485000
2025,Dadra & Nagar Haveli,Female,305000
2026,Dadra & Nagar Haveli,Total,836000
2026,Dadra & Nagar Haveli,Male,516000
2026,Dadra & Nagar Haveli,Female,320000
2027,Dadra & Nagar Haveli,Total,904000
2027,Dadra & Nagar Haveli,Male,563000
2027,Dadra & Nagar Haveli,Female,341000
2028,Dadra & Nagar Haveli,Total,973000
2028,Dadra & Nagar Haveli,Male,610000
2028,Dadra & Nagar Haveli,Female,362000
2029,Dadra & Nagar Haveli,Total,1041000
2029,Dadra & Nagar Haveli,Male,658000
2029,Dadra & Nagar Haveli,Female,383000
2030,Dadra & Nagar Haveli,Total,1109000
2030,Dadra & Nagar Haveli,Male,705000
2030,Dadra & Nagar Haveli,Female,404000
2031,Dadra & Nagar Haveli,Total,1178000
2031,Dadra & Nagar Haveli,Male,753000
2031,Dadra & Nagar Haveli,Female,425000
2032,Dadra & Nagar Haveli,Total,1283000
2032,Dadra & Nagar Haveli,Male,828000
2032,Dadra & Nagar Haveli,Female,455000
2033,Dadra & Nagar Haveli,Total,1388000
2033,Dadra & Nagar Haveli,Male,903000
2033,Dadra & Nagar Haveli,Female,485000
2034,Dadra & Nagar Haveli,Total,1493000
2034,Dadra & Nagar Haveli,Male,978000
2034,Dadra & Nagar Haveli,Female,515000
2035,Dadra & Nagar Haveli,Total,1598000
2035,Dadra & Nagar Haveli,Male,1053000
2035,Dadra & Nagar Haveli,Female,544000
2036,Dadra & Nagar Haveli,Total,1703000
2036,Dadra & Nagar Haveli,Male,1128000
2036,Dadra & Nagar Haveli,Female,574000
2011,Daman & Diu,Total,243000
2011,Daman & Diu,Male,150000
2011,Daman & Diu,Female,93000
2012,Daman & Diu,Total,260000
2012,Daman & Diu,Male,164000
2012,Daman & Diu,Female,97000
2013,Daman & Diu,Total,278000
2013,Daman & Diu,Male,177000
2013,Daman & Diu,Female,101000
2014,Daman & Diu,Total,295000
2014,Daman & Diu,Male,190000
2014,Daman & Diu,Female,105000
2015,Daman & Diu,Total,312000
2015,Daman & Diu,Male,203000
2015,Daman & Diu,Female,109000
2016,Daman & Diu,Total,329000
2016,Daman & Diu,Male,216000
2016,Daman & Diu,Female,113000
2017,Daman & Diu,Total,357000
2017,Daman & Diu,Male,239000
2017,Daman & Diu,Female,118000
2018,Daman & Diu,Total,385000
2018,Daman & Diu,Male,262000
2018,Daman & Diu,Female,124000
2019,Daman & Diu,Total,413000
2019,Daman & Diu,Male,284000
2019,Daman & Diu,Female,129000
2020,Daman & Diu,Total,441000
2020,Daman & Diu,Male,307000
2020,Daman & Diu,Female,134000
2021,Daman & Diu,Total,469000
2021,Daman & Diu,Male,330000
2021,Daman & Diu,Female,140000
2022,Daman & Diu,Total,516000
2022,Daman & Diu,Male,370000
2022,Daman & Diu,Female,147000
2023,Daman & Diu,Total,564000
2023,Daman & Diu,Male,409000
2023,Daman & Diu,Female,154000
2024,Daman & Diu,Total,611000
2024,Daman & Diu,Male,449000
2024,Daman & Diu,Female,161000
2025,Daman & Diu,Total,658000
2025,Daman & Diu,Male,489000
2025,Daman & Diu,Female,169000
2026,Daman & Diu,Total,705000
2026,Daman & Diu,Male,529000
2026,Daman & Diu,Female,176000
2027,Daman & Diu,Total,792000
2027,Daman & Diu,Male,606000
2027,Daman & Diu,Female,186000
2028,Daman & Diu,Total,878000
2028,Daman & Diu,Male,682000
2028,Daman & Diu,Female,196000
2029,Daman & Diu,Total,964000
2029,Daman & Diu,Male,758000
2029,Daman & Diu,Female,206000
2030,Daman & Diu,Total,1051000
2030,Daman & Diu,Male,834000
2030,Daman & Diu,Female,216000
2031,Daman & Diu,Total,1137000
2031,Daman & Diu,Male,910000
2031,Daman & Diu,Female,227000
2032,Daman & Diu,Total,1303000
2032,Daman & Diu,Male,1062000
2032,Daman & Diu,Female,241000
2033,Daman & Diu,Total,1470000
2033,Daman & Diu,Male,1214000
2033,Daman & Diu,Female,255000
2034,Daman & Diu,Total,1636000
2034,Daman & Diu,Male,1366000
2034,Daman & Diu,Female,270000
2035,Daman & Diu,Total,1802000
2035,Daman & Diu,Male,1518000
2035,Daman & Diu,Female,284000
2036,Daman & Diu,Total,1969000
2036,Daman & Diu,Male,1670000
2036,Daman & Diu,Female,298000
2011,Delhi,Total,16788000
2011,Delhi,Male,8987000
2011,Delhi,Female,7801000
2012,Delhi,Total,17166000
2012,Delhi,Male,9186000
2012,Delhi,Female,7980000
2013,Delhi,Total,17544000
2013,Delhi,Male,9385000
2013,Delhi,Female,8159000
2014,Delhi,Total,17921000
2014,Delhi,Male,9583000
2014,Delhi,Female,8338000
2015,Delhi,Total,18299000
2015,Delhi,Male,9782000
2015,Delhi,Female,8517000
2016,Delhi,Total,18677000
2016,Delhi,Male,9980000
2016,Delhi,Female,8697000
2017,Delhi,Total,19056000
2017,Delhi,Male,10177000
2017,Delhi,Female,8879000
2018,Delhi,Total,19435000
2018,Delhi,Male,10373000
2018,Delhi,Female,9061000
2019,Delhi,Total,19814000
2019,Delhi,Male,10570000
2019,Delhi,Female,9244000
2020,Delhi,Total,20193000
2020,Delhi,Male,10766000
2020,Delhi,Female,9426000
2021,Delhi,Total,20571000
2021,Delhi,Male,10963000
2021,Delhi,Female,9609000
2022,Delhi,Total,20965000
2022,Delhi,Male,11164000
2022,Delhi,Female,9801000
2023,Delhi,Total,21359000
2023,Delhi,Male,11366000
2023,Delhi,Female,9993000
2024,Delhi,Total,21752000
2024,Delhi,Male,11567000
2024,Delhi,Female,10186000
2025,Delhi,Total,22146000
2025,Delhi,Male,11768000
2025,Delhi,Female,10378000
2026,Delhi,Total,22540000
2026,Delhi,Male,11970000
2026,Delhi,Female,10570000
2027,Delhi,Total,22942000
2027,Delhi,Male,12172000
2027,Delhi,Female,10770000
2028,Delhi,Total,23345000
2028,Delhi,Male,12375000
2028,Delhi,Female,10970000
2029,Delhi,Total,23747000
2029,Delhi,Male,12578000
2029,Delhi,Female,11170000
2030,Delhi,Total,24150000
2030,Delhi,Male,12780000
2030,Delhi,Female,11369000
2031,Delhi,Total,24552000
2031,Delhi,Male,12983000
2031,Delhi,Female,11569000
2032,Delhi,Total,24960000
2032,Delhi,Male,13187000
2032,Delhi,Female,11773000
2033,Delhi,Total,25368000
2033,Delhi,Male,13391000
2033,Delhi,Female,11977000
2034,Delhi,Total,25775000
2034,Delhi,Male,13595000
2034,Delhi,Female,12181000
2035,Delhi,Total,26183000
2035,Delhi,Male,13798000
2035,Delhi,Female,12385000
2036,Delhi,Total,26591000
2036,Delhi,Male,14002000
2036,Delhi,Female,12589000
2011,Goa,Total,1459000
2011,Goa,Male,739000
2011,Goa,Female,719000
2012,Goa,Total,1469000
2012,Goa,Male,744000
2012,Goa,Female,725000
2013,Goa,Total,1480000
2013,Goa,Male,749000
2013,Goa,Female,731000
2014,Goa,Total,1491000
2014,Goa,Male,754000
2014,Goa,Female,736000
2015,Goa,Total,1501000
2015,Goa,Male,759000
2015,Goa,Female,742000
2016,Goa,Total,1512000
2016,Goa,Male,764000
2016,Goa,Female,748000
2017,Goa,Total,1521000
2017,Goa,Male,769000
2017,Goa,Female,753000
2018,Goa,Total,1531000
2018,Goa,Male,773000
2018,Goa,Female,758000
2019,Goa,Total,1540000
2019,Goa,Male,777000
2019,Goa,Female,763000
2020,Goa,Total,1549000
2020,Goa,Male,782000
2020,Goa,Female,768000
2021,Goa,Total,1559000
2021,Goa,Male,786000
2021,Goa,Female,773000
2022,Goa,Total,1567000
2022,Goa,Male,790000
2022,Goa,Female,777000
2023,Goa,Total,1575000
2023,Goa,Male,793000
2023,Goa,Female,781000
2024,Goa,Total,1583000
2024,Goa,Male,797000
2024,Goa,Female,786000
2025,Goa,Total,1591000
2025,Goa,Male,801000
2025,Goa,Female,790000
2026,Goa,Total,1599000
2026,Goa,Male,804000
2026,Goa,Female,794000
2027,Goa,Total,1606000
2027,Goa,Male,807000
2027,Goa,Female,798000
2028,Goa,Total,1613000
2028,Goa,Male,811000
2028,Goa,Female,802000
2029,Goa,Total,1620000
2029,Goa,Male,814000
2029,Goa,Female,806000
2030,Goa,Total,1626000
2030,Goa,Male,817000
2030,Goa,Female,810000
2031,Goa,Total,1633000
2031,Goa,Male,820000
2031,Goa,Female,814000
2032,Goa,Total,1639000
2032,Goa,Male,822000
2032,Goa,Female,817000
2033,Goa,Total,1645000
2033,Goa,Male,825000
2033,Goa,Female,820000
2034,Goa,Total,1651000
2034,Goa,Male,828000
2034,Goa,Female,823000
2035,Goa,Total,1657000
2035,Goa,Male,830000
2035,Goa,Female,827000
2036,Goa,Total,1663000
2036,Goa,Male,833000
2036,Goa,Female,830000
2011,Gujarat,Total,60440000
2011,Gujarat,Male,31491000
2011,Gujarat,Female,28948000
2012,Gujarat,Total,61383000
2012,Gujarat,Male,32007000
2012,Gujarat,Female,29376000
2013,Gujarat,Total,62327000
2013,Gujarat,Male,32523000
2013,Gujarat,Female,29804000
2014,Gujarat,Total,63271000
2014,Gujarat,Male,33039000
2014,Gujarat,Female,30232000
2015,Gujarat,Total,64214000
2015,Gujarat,Male,33555000
2015,Gujarat,Female,30659000
2016,Gujarat,Total,65158000
2016,Gujarat,Male,34071000
2016,Gujarat,Female,31087000
2017,Gujarat,Total,66084000
2017,Gujarat,Male,34577000
2017,Gujarat,Female,31507000
2018,Gujarat,Total,67010000
2018,Gujarat,Male,35083000
2018,Gujarat,Female,31927000
2019,Gujarat,Total,67936000
2019,Gujarat,Male,35588000
2019,Gujarat,Female,32347000
2020,Gujarat,Total,68862000
2020,Gujarat,Male,36094000
2020,Gujarat,Female,32768000
2021,Gujarat,Total,69788000
2021,Gujarat,Male,36600000
2021,Gujarat,Female,33188000
2022,Gujarat,Total,70648000
2022,Gujarat,Male,37066000
2022,Gujarat,Female,33581000
2023,Gujarat,Total,71507000
2023,Gujarat,Male,37532000
2023,Gujarat,Female,33975000
2024,Gujarat,Total,72367000
2024,Gujarat,Male,37998000
2024,Gujarat,Female,34369000
2025,Gujarat,Total,73227000
2025,Gujarat,Male,38464000
2025,Gujarat,Female,34762000
2026,Gujarat,Total,74086000
2026,Gujarat,Male,38930000
2026,Gujarat,Female,35156000
2027,Gujarat,Total,74855000
2027,Gujarat,Male,39341000
2027,Gujarat,Female,35514000
2028,Gujarat,Total,75624000
2028,Gujarat,Male,39752000
2028,Gujarat,Female,35872000
2029,Gujarat,Total,76393000
2029,Gujarat,Male,40163000
2029,Gujarat,Female,36230000
2030,Gujarat,Total,77162000
2030,Gujarat,Male,40574000
2030,Gujarat,Female,36588000
2031,Gujarat,Total,77931000
2031,Gujarat,Male,40986000
2031,Gujarat,Female,36945000
2032,Gujarat,Total,78608000
2032,Gujarat,Male,41348000
2032,Gujarat,Female,37260000
2033,Gujarat,Total,79285000
2033,Gujarat,Male,41711000
2033,Gujarat,Female,37574000
2034,Gujarat,Total,79962000
2034,Gujarat,Male,42074000
2034,Gujarat,Female,37888000
2035,Gujarat,Total,80639000
2035,Gujarat,Male,42437000
2035,Gujarat,Female,38202000
2036,Gujarat,Total,81316000
2036,Gujarat,Male,42800000
2036,Gujarat,Female,38516000
2011,Haryana,Total,25351000
2011,Haryana,Male,13495000
2011,Haryana,Female,11857000
2012,Haryana,Total,25772000
2012,Haryana,Male,13713000
2012,Haryana,Female,12059000
2013,Haryana,Total,26193000
2013,Haryana,Male,13931000
2013,Haryana,Female,12262000
2014,Haryana,Total,26614000
2014,Haryana,Male,14149000
2014,Haryana,Female,12465000
2015,Haryana,Total,27034000
2015,Haryana,Male,14367000
2015,Haryana,Female,12667000
2016,Haryana,Total,27455000
2016,Haryana,Male,14585000
2016,Haryana,Female,12870000
2017,Haryana,Total,27861000
2017,Haryana,Male,14793000
2017,Haryana,Female,13068000
2018,Haryana,Total,28266000
2018,Haryana,Male,15000000
2018,Haryana,Female,13266000
2019,Haryana,Total,28672000
2019,Haryana,Male,15208000
2019,Haryana,Female,13464000
2020,Haryana,Total,29077000
2020,Haryana,Male,15415000
2020,Haryana,Female,13662000
2021,Haryana,Total,29483000
2021,Haryana,Male,15623000
2021,Haryana,Female,13860000
2022,Haryana,Total,29846000
2022,Haryana,Male,15804000
2022,Haryana,Female,14042000
2023,Haryana,Total,30209000
2023,Haryana,Male,15985000
2023,Haryana,Female,14224000
2024,Haryana,Total,30573000
2024,Haryana,Male,16167000
2024,Haryana,Female,14406000
2025,Haryana,Total,30936000
2025,Haryana,Male,16348000
2025,Haryana,Female,14588000
2026,Haryana,Total,31299000
2026,Haryana,Male,16529000
2026,Haryana,Female,14770000
2027,Haryana,Total,31629000
2027,Haryana,Male,16690000
2027,Haryana,Female,14939000
2028,Haryana,Total,31958000
2028,Haryana,Male,16850000
2028,Haryana,Female,15108000
2029,Haryana,Total,32287000
2029,Haryana,Male,17010000
2029,Haryana,Female,15278000
2030,Haryana,Total,32616000
2030,Haryana,Male,17170000
2030,Haryana,Female,15447000
2031,Haryana,Total,32946000
2031,Haryana,Male,17330000
2031,Haryana,Female,15616000
2032,Haryana,Total,33250000
2032,Haryana,Male,17476000
2032,Haryana,Female,15774000
2033,Haryana,Total,33555000
2033,Haryana,Male,17622000
2033,Haryana,Female,15933000
2034,Haryana,Total,33860000
2034,Haryana,Male,17769000
2034,Haryana,Female,16091000
2035,Haryana,Total,34164000
2035,Haryana,Male,17915000
2035,Haryana,Female,16249000
2036,Haryana,Total,34469000
2036,Haryana,Male,18061000
2036,Haryana,Female,16408000
2011,Himachal Pradesh,Total,6865000
2011,Himachal Pradesh,Male,3482000
2011,Himachal Pradesh,Female,3383000
2012,Himachal Pradesh,Total,6923000
2012,Himachal Pradesh,Male,3512000
2012,Himachal Pradesh,Female,3412000
2013,Himachal Pradesh,Total,6982000
2013,Himachal Pradesh,Male,3541000
2013,Himachal Pradesh,Female,3441000
2014,Himachal Pradesh,Total,7041000
2014,Himachal Pradesh,Male,3571000
2014,Himachal Pradesh,Female,3470000
2015,Himachal Pradesh,Total,7100000
2015,Himachal Pradesh,Male,3601000
2015,Himachal Pradesh,Female,3499000
2016,Himachal Pradesh,Total,7158000
2016,Himachal Pradesh,Male,3631000
2016,Himachal Pradesh,Female,3528000
2017,Himachal Pradesh,Total,7206000
2017,Himachal Pradesh,Male,3654000
2017,Himachal Pradesh,Female,3551000
2018,Himachal Pradesh,Total,7253000
2018,Himachal Pradesh,Male,3678000
2018,Himachal Pradesh,Female,3574000
2019,Himachal Pradesh,Total,7300000
2019,Himachal Pradesh,Male,3702000
2019,Himachal Pradesh,Female,3598000
2020,Himachal Pradesh,Total,7347000
2020,Himachal Pradesh,Male,3726000
2020,Himachal Pradesh,Female,3621000
2021,Himachal Pradesh,Total,7394000
2021,Himachal Pradesh,Male,3750000
2021,Himachal Pradesh,Female,3644000
2022,Himachal Pradesh,Total,7431000
2022,Himachal Pradesh,Male,3768000
2022,Himachal Pradesh,Female,3663000
2023,Himachal Pradesh,Total,7468000
2023,Himachal Pradesh,Male,3787000
2023,Himachal Pradesh,Female,3681000
2024,Himachal Pradesh,Total,7505000
2024,Himachal Pradesh,Male,3805000
2024,Himachal Pradesh,Female,3700000
2025,Himachal Pradesh,Total,7542000
2025,Himachal Pradesh,Male,3824000
2025,Himachal Pradesh,Female,3718000
2026,Himachal Pradesh,Total,7579000
2026,Himachal Pradesh,Male,3843000
2026,Himachal Pradesh,Female,3737000
2027,Himachal Pradesh,Total,7606000
2027,Himachal Pradesh,Male,3856000
2027,Himachal Pradesh,Female,3750000
2028,Himachal Pradesh,Total,7632000
2028,Himachal Pradesh,Male,3869000
2028,Himachal Pradesh,Female,3764000
2029,Himachal Pradesh,Total,7659000
2029,Himachal Pradesh,Male,3882000
2029,Himachal Pradesh,Female,3777000
2030,Himachal Pradesh,Total,7685000
2030,Himachal Pradesh,Male,3895000
2030,Himachal Pradesh,Female,3790000
2031,Himachal Pradesh,Total,7712000
2031,Himachal Pradesh,Male,3908000
2031,Himachal Pradesh,Female,3804000
2032,Himachal Pradesh,Total,7727000
2032,Himachal Pradesh,Male,3916000
2032,Himachal Pradesh,Female,3811000
2033,Himachal Pradesh,Total,7741000
2033,Himachal Pradesh,Male,3923000
2033,Himachal Pradesh,Female,3818000
2034,Himachal Pradesh,Total,7756000
2034,Himachal Pradesh,Male,3931000
2034,Himachal Pradesh,Female,3825000
2035,Himachal Pradesh,Total,7770000
2035,Himachal Pradesh,Male,3938000
2035,Himachal Pradesh,Female,3832000
2036,Himachal Pradesh,Total,7785000
2036,Himachal Pradesh,Male,3945000
2036,Himachal Pradesh,Female,3840000
2011,India,Total,1210855000
2011,India,Male,623270000
2011,India,Female,587585000
2012,India,Total,1226901000
2012,India,Male,631454000
2012,India,Female,595447000
2013,India,Total,1242942000
2013,India,Male,639636000
2013,India,Female,603306000
2014,India,Total,1258985000
2014,India,Male,647819000
2014,India,Female,611166000
2015,India,Total,1275030000
2015,India,Male,656003000
2015,India,Female,619027000
2016,India,Total,1291074000
2016,India,Male,664184000
2016,India,Female,626890000
2017,India,Total,1305463000
2017,India,Male,671475000
2017,India,Female,633988000
2018,India,Total,1319844000
2018,India,Male,678761000
2018,India,Female,641083000
2019,India,Total,1334235000
2019,India,Male,686046000
2019,India,Female,648189000
2020,India,Total,1348616000
2020,India,Male,693334000
2020,India,Female,655282000
2021,India,Total,1363006000
2021,India,Male,700623000
2021,India,Female,662383000
2022,India,Total,1375586000
2022,India,Male,706912000
2022,India,Female,668674000
2023,India,Total,1388163000
2023,India,Male,713202000
2023,India,Female,674961000
2024,India,Total,1400744000
2024,India,Male,719493000
2024,India,Female,681251000
2025,India,Total,1413324000
2025,India,Male,725783000
2025,India,Female,687541000
2026,India,Total,1425908000
2026,India,Male,732075000
2026,India,Female,693833000
2027,India,Total,1436478000
2027,India,Male,737288000
2027,India,Female,699190000
2028,India,Total,1447051000
2028,India,Male,742502000
2028,India,Female,704549000
2029,India,Total,1457628000
2029,India,Male,747717000
2029,India,Female,709911000
2030,India,Total,1468194000
2030,India,Male,752929000
2030,India,Female,715265000
2031,India,Total,1478775000
2031,India,Male,758146000
2031,India,Female,720629000
2032,India,Total,1487471000
2032,India,Male,762457000
2032,India,Female,725014000
2033,India,Total,1496175000
2033,India,Male,766765000
2033,India,Female,729410000
2034,India,Total,1504878000
2034,India,Male,771079000
2034,India,Female,733799000
2035,India,Total,1513578000
2035,India,Male,775387000
2035,India,Female,738191000
2036,India,Total,1522288000
2036,India,Male,779701000
2036,India,Female,742587000
2011,Jammu & Kashmir,Total,12267000
2011,Jammu & Kashmir,Male,6484000
2011,Jammu & Kashmir,Female,5783000
2012,Jammu & Kashmir,Total,12393000
2012,Jammu & Kashmir,Male,6545000
2012,Jammu & Kashmir,Female,5848000
2013,Jammu & Kashmir,Total,12519000
2013,Jammu & Kashmir,Male,6606000
2013,Jammu & Kashmir,Female,5913000
2014,Jammu & Kashmir,Total,12645000
2014,Jammu & Kashmir,Male,6667000
2014,Jammu & Kashmir,Female,5978000
2015,Jammu & Kashmir,Total,12771000
2015,Jammu & Kashmir,Male,6728000
2015,Jammu & Kashmir,Female,6043000
2016,Jammu & Kashmir,Total,12897000
2016,Jammu & Kashmir,Male,6789000
2016,Jammu & Kashmir,Female,6108000
2017,Jammu & Kashmir,Total,12999000
2017,Jammu & Kashmir,Male,6837000
2017,Jammu & Kashmir,Female,6162000
2018,Jammu & Kashmir,Total,13101000
2018,Jammu & Kashmir,Male,6885000
2018,Jammu & Kashmir,Female,6216000
2019,Jammu & Kashmir,Total,13203000
2019,Jammu & Kashmir,Male,6933000
2019,Jammu & Kashmir,Female,6270000
2020,Jammu & Kashmir,Total,13305000
2020,Jammu & Kashmir,Male,6982000
2020,Jammu & Kashmir,Female,6324000
2021,Jammu & Kashmir,Total,13408000
2021,Jammu & Kashmir,Male,7030000
2021,Jammu & Kashmir,Female,6378000
2022,Jammu & Kashmir,Total,13505000
2022,Jammu & Kashmir,Male,7075000
2022,Jammu & Kashmir,Female,6430000
2023,Jammu & Kashmir,Total,13603000
2023,Jammu & Kashmir,Male,7120000
2023,Jammu & Kashmir,Female,6483000
2024,Jammu & Kashmir,Total,13701000
2024,Jammu & Kashmir,Male,7166000
2024,Jammu & Kashmir,Female,6535000
2025,Jammu & Kashmir,Total,13798000
2025,Jammu & Kashmir,Male,7211000
2025,Jammu & Kashmir,Female,6587000
2026,Jammu & Kashmir,Total,13896000
2026,Jammu & Kashmir,Male,7256000
2026,Jammu & Kashmir,Female,6640000
2027,Jammu & Kashmir,Total,13989000
2027,Jammu & Kashmir,Male,7299000
2027,Jammu & Kashmir,Female,6690000
2028,Jammu & Kashmir,Total,14082000
2028,Jammu & Kashmir,Male,7341000
2028,Jammu & Kashmir,Female,6741000
2029,Jammu & Kashmir,Total,14175000
2029,Jammu & Kashmir,Male,7383000
2029,Jammu & Kashmir,Female,6792000
2030,Jammu & Kashmir,Total,14268000
2030,Jammu & Kashmir,Male,7425000
2030,Jammu & Kashmir,Female,6843000
2031,Jammu & Kashmir,Total,14361000
2031,Jammu & Kashmir,Male,7467000
2031,Jammu & Kashmir,Female,6894000
2032,Jammu & Kashmir,Total,14438000
2032,Jammu & Kashmir,Male,7501000
2032,Jammu & Kashmir,Female,6938000
2033,Jammu & Kashmir,Total,14515000
2033,Jammu & Kashmir,Male,7534000
2033,Jammu & Kashmir,Female,6981000
2034,Jammu & Kashmir,Total,14593000
2034,Jammu & Kashmir,Male,7568000
2034,Jammu & Kashmir,Female,7025000
2035,Jammu & Kashmir,Total,14670000
2035,Jammu & Kashmir,Male,7601000
2035,Jammu & Kashmir,Female,7069000
2036,Jammu & Kashmir,Total,14747000
2036,Jammu & Kashmir,Male,7635000
2036,Jammu & Kashmir,Female,7112000
2011,Jharkhand,Total,32988000
2011,Jharkhand,Male,16930000
2011,Jharkhand,Female,16058000
2012,Jharkhand,Total,33551000
2012,Jharkhand,Male,17216000
2012,Jharkhand,Female,16334000
2013,Jharkhand,Total,34113000
2013,Jharkhand,Male,17503000
2013,Jharkhand,Female,16610000
2014,Jharkhand,Total,34675000
2014,Jharkhand,Male,17789000
2014,Jharkhand,Female,16887000
2015,Jharkhand,Total,35238000
2015,Jharkhand,Male,18075000
2015,Jharkhand,Female,17163000
2016,Jharkhand,Total,35800000
2016,Jharkhand,Male,18361000
2016,Jharkhand,Female,17439000
2017,Jharkhand,Total,36334000
2017,Jharkhand,Male,18629000
2017,Jharkhand,Female,17705000
2018,Jharkhand,Total,36869000
2018,Jharkhand,Male,18897000
2018,Jharkhand,Female,17972000
2019,Jharkhand,Total,37403000
2019,Jharkhand,Male,19165000
2019,Jharkhand,Female,18238000
2020,Jharkhand,Total,37937000
2020,Jharkhand,Male,19433000
2020,Jharkhand,Female,18504000
2021,Jharkhand,Total,38471000
2021,Jharkhand,Male,19701000
2021,Jharkhand,Female,18770000
2022,Jharkhand,Total,38969000
2022,Jharkhand,Male,19948000
2022,Jharkhand,Female,19021000
2023,Jharkhand,Total,39466000
2023,Jharkhand,Male,20194000
2023,Jharkhand,Female,19272000
2024,Jharkhand,Total,39963000
2024,Jharkhand,Male,20441000
2024,Jharkhand,Female,19523000
2025,Jharkhand,Total,40461000
2025,Jharkhand,Male,20687000
2025,Jharkhand,Female,19773000
2026,Jharkhand,Total,40958000
2026,Jharkhand,Male,20934000
2026,Jharkhand,Female,20024000
2027,Jharkhand,Total,41408000
2027,Jharkhand,Male,21153000
2027,Jharkhand,Female,20256000
2028,Jharkhand,Total,41858000
2028,Jharkhand,Male,21372000
2028,Jharkhand,Female,20487000
2029,Jharkhand,Total,42309000
2029,Jharkhand,Male,21591000
2029,Jharkhand,Female,20718000
2030,Jharkhand,Total,42759000
2030,Jharkhand,Male,21810000
2030,Jharkhand,Female,20949000
2031,Jharkhand,Total,43209000
2031,Jharkhand,Male,22029000
2031,Jharkhand,Female,21180000
2032,Jharkhand,Total,43599000
2032,Jharkhand,Male,22215000
2032,Jharkhand,Female,21383000
2033,Jharkhand,Total,43988000
2033,Jharkhand,Male,22402000
2033,Jharkhand,Female,21586000
2034,Jharkhand,Total,44377000
2034,Jharkhand,Male,22589000
2034,Jharkhand,Female,21788000
2035,Jharkhand,Total,44766000
2035,Jharkhand,Male,22775000
2035,Jharkhand,Female,21991000
2036,Jharkhand,Total,45155000
2036,Jharkhand,Male,22962000
2036,Jharkhand,Female,22193000
2011,Karnataka,Total,61095000
2011,Karnataka,Male,30967000
2011,Karnataka,Female,30129000
2012,Karnataka,Total,61722000
2012,Karnataka,Male,31287000
2012,Karnataka,Female,30435000
2013,Karnataka,Total,62349000
2013,Karnataka,Male,31607000
2013,Karnataka,Female,30742000
2014,Karnataka,Total,62975000
2014,Karnataka,Male,31927000
2014,Karnataka,Female,31048000
2015,Karnataka,Total,63602000
2015,Karnataka,Male,32247000
2015,Karnataka,Female,31355000
2016,Karnataka,Total,64229000
2016,Karnataka,Male,32567000
2016,Karnataka,Female,31661000
2017,Karnataka,Total,64752000
2017,Karnataka,Male,32836000
2017,Karnataka,Female,31916000
2018,Karnataka,Total,65275000
2018,Karnataka,Male,33105000
2018,Karnataka,Female,32170000
2019,Karnataka,Total,65798000
2019,Karnataka,Male,33374000
2019,Karnataka,Female,32425000
2020,Karnataka,Total,66322000
2020,Karnataka,Male,33642000
2020,Karnataka,Female,32679000
2021,Karnataka,Total,66845000
2021,Karnataka,Male,33911000
2021,Karnataka,Female,32934000
2022,Karnataka,Total,67268000
2022,Karnataka,Male,34126000
2022,Karnataka,Female,33142000
2023,Karnataka,Total,67692000
2023,Karnataka,Male,34342000
2023,Karnataka,Female,33350000
2024,Karnataka,Total,68115000
2024,Karnataka,Male,34557000
2024,Karnataka,Female,33558000
2025,Karnataka,Total,68538000
2025,Karnataka,Male,34772000
2025,Karnataka,Female,33766000
2026,Karnataka,Total,68962000
2026,Karnataka,Male,34987000
2026,Karnataka,Female,33975000
2027,Karnataka,Total,69300000
2027,Karnataka,Male,35158000
2027,Karnataka,Female,34142000
2028,Karnataka,Total,69638000
2028,Karnataka,Male,35328000
2028,Karnataka,Female,34309000
2029,Karnataka,Total,69976000
2029,Karnataka,Male,35499000
2029,Karnataka,Female,34477000
2030,Karnataka,Total,70314000
2030,Karnataka,Male,35670000
2030,Karnataka,Female,34644000
2031,Karnataka,Total,70652000
2031,Karnataka,Male,35840000
2031,Karnataka,Female,34812000
2032,Karnataka,Total,70911000
2032,Karnataka,Male,35969000
2032,Karnataka,Female,34942000
2033,Karnataka,Total,71170000
2033,Karnataka,Male,36097000
2033,Karnataka,Female,35073000
2034,Karnataka,Total,71429000
2034,Karnataka,Male,36225000
2034,Karnataka,Female,35204000
2035,Karnataka,Total,71689000
2035,Karnataka,Male,36354000
2035,Karnataka,Female,35335000
2036,Karnataka,Total,71948000
2036,Karnataka,Male,36482000
2036,Karnataka,Female,35466000
2011,Kerala,Total,33406000
2011,Kerala,Male,16027000
2011,Kerala,Female,17379000
2012,Kerala,Total,33641000
2012,Kerala,Male,16141000
2012,Kerala,Female,17500000
2013,Kerala,Total,33875000
2013,Kerala,Male,16254000
2013,Kerala,Female,17621000
2014,Kerala,Total,34109000
2014,Kerala,Male,16368000
2014,Kerala,Female,17742000
2015,Kerala,Total,34344000
2015,Kerala,Male,16481000
2015,Kerala,Female,17863000
2016,Kerala,Total,34578000
2016,Kerala,Male,16594000
2016,Kerala,Female,17984000
2017,Kerala,Total,34761000
2017,Kerala,Male,16684000
2017,Kerala,Female,18077000
2018,Kerala,Total,34943000
2018,Kerala,Male,16774000
2018,Kerala,Female,18169000
2019,Kerala,Total,35125000
2019,Kerala,Male,16863000
2019,Kerala,Female,18262000
2020,Kerala,Total,35307000
2020,Kerala,Male,16953000
2020,Kerala,Female,18354000
2021,Kerala,Total,35489000
2021,Kerala,Male,17043000
2021,Kerala,Female,18447000
2022,Kerala,Total,35633000
2022,Kerala,Male,17113000
2022,Kerala,Female,18520000
2023,Kerala,Total,35776000
2023,Kerala,Male,17184000
2023,Kerala,Female,18593000
2024,Kerala,Total,35920000
2024,Kerala,Male,17254000
2024,Kerala,Female,18666000
2025,Kerala,Total,36063000
2025,Kerala,Male,17324000
2025,Kerala,Female,18739000
2026,Kerala,Total,36207000
2026,Kerala,Male,17395000
2026,Kerala,Female,18812000
2027,Kerala,Total,36304000
2027,Kerala,Male,17444000
2027,Kerala,Female,18861000
2028,Kerala,Total,36402000
2028,Kerala,Male,17492000
2028,Kerala,Female,18910000
2029,Kerala,Total,36499000
2029,Kerala,Male,17541000
2029,Kerala,Female,18959000
2030,Kerala,Total,36597000
2030,Kerala,Male,17589000
2030,Kerala,Female,19008000
2031,Kerala,Total,36695000
2031,Kerala,Male,17638000
2031,Kerala,Female,19057000
2032,Kerala,Total,36746000
2032,Kerala,Male,17665000
2032,Kerala,Female,19080000
2033,Kerala,Total,36796000
2033,Kerala,Male,17693000
2033,Kerala,Female,19104000
2034,Kerala,Total,36847000
2034,Kerala,Male,17720000
2034,Kerala,Female,19127000
2035,Kerala,Total,36898000
2035,Kerala,Male,17747000
2035,Kerala,Female,19150000
2036,Kerala,Total,36949000
2036,Kerala,Male,17775000
2036,Kerala,Female,19174000
2011,Ladakh,Total,274000
2011,Ladakh,Male,157000
2011,Ladakh,Female,118000
2012,Ladakh,Total,277000
2012,Ladakh,Male,158000
2012,Ladakh,Female,119000
2013,Ladakh,Total,279000
2013,Ladakh,Male,159000
2013,Ladakh,Female,120000
2014,Ladakh,Total,282000
2014,Ladakh,Male,160000
2014,Ladakh,Female,122000
2015,Ladakh,Total,285000
2015,Ladakh,Male,162000
2015,Ladakh,Female,123000
2016,Ladakh,Total,287000
2016,Ladakh,Male,163000
2016,Ladakh,Female,125000
2017,Ladakh,Total,289000
2017,Ladakh,Male,164000
2017,Ladakh,Female,126000
2018,Ladakh,Total,291000
2018,Ladakh,Male,164000
2018,Ladakh,Female,127000
2019,Ladakh,Total,293000
2019,Ladakh,Male,165000
2019,Ladakh,Female,128000
2020,Ladakh,Total,295000
2020,Ladakh,Male,166000
2020,Ladakh,Female,129000
2021,Ladakh,Total,297000
2021,Ladakh,Male,167000
2021,Ladakh,Female,130000
2022,Ladakh,Total,299000
2022,Ladakh,Male,168000
2022,Ladakh,Female,131000
2023,Ladakh,Total,300000
2023,Ladakh,Male,168000
2023,Ladakh,Female,132000
2024,Ladakh,Total,302000
2024,Ladakh,Male,169000
2024,Ladakh,Female,133000
2025,Ladakh,Total,304000
2025,Ladakh,Male,170000
2025,Ladakh,Female,134000
2026,Ladakh,Total,305000
2026,Ladakh,Male,170000
2026,Ladakh,Female,135000
2027,Ladakh,Total,306000
2027,Ladakh,Male,171000
2027,Ladakh,Female,136000
2028,Ladakh,Total,308000
2028,Ladakh,Male,171000
2028,Ladakh,Female,137000
2029,Ladakh,Total,309000
2029,Ladakh,Male,172000
2029,Ladakh,Female,137000
2030,Ladakh,Total,310000
2030,Ladakh,Male,172000
2030,Ladakh,Female,138000
2031,Ladakh,Total,312000
2031,Ladakh,Male,173000
2031,Ladakh,Female,139000
2032,Ladakh,Total,312000
2032,Ladakh,Male,173000
2032,Ladakh,Female,140000
2033,Ladakh,Total,313000
2033,Ladakh,Male,173000
2033,Ladakh,Female,140000
2034,Ladakh,Total,314000
2034,Ladakh,Male,173000
2034,Ladakh,Female,141000
2035,Ladakh,Total,315000
2035,Ladakh,Male,173000
2035,Ladakh,Female,142000
2036,Ladakh,Total,316000
2036,Ladakh,Male,174000
2036,Ladakh,Female,142000
2011,Lakshadweep,Total,64000
2011,Lakshadweep,Male,33000
2011,Lakshadweep,Female,31000
2012,Lakshadweep,Total,65000
2012,Lakshadweep,Male,33000
2012,Lakshadweep,Female,32000
2013,Lakshadweep,Total,65000
2013,Lakshadweep,Male,34000
2013,Lakshadweep,Female,32000
2014,Lakshadweep,Total,66000
2014,Lakshadweep,Male,34000
2014,Lakshadweep,Female,32000
2015,Lakshadweep,Total,66000
2015,Lakshadweep,Male,34000
2015,Lakshadweep,Female,32000
2016,Lakshadweep,Total,67000
2016,Lakshadweep,Male,34000
2016,Lakshadweep,Female,32000
2017,Lakshadweep,Total,67000
2017,Lakshadweep,Male,34000
2017,Lakshadweep,Female,32000
2018,Lakshadweep,Total,67000
2018,Lakshadweep,Male,35000
2018,Lakshadweep,Female,33000
2019,Lakshadweep,Total,68000
2019,Lakshadweep,Male,35000
2019,Lakshadweep,Female,33000
2020,Lakshadweep,Total,68000
2020,Lakshadweep,Male,35000
2020,Lakshadweep,Female,33000
2021,Lakshadweep,Total,68000
2021,Lakshadweep,Male,35000
2021,Lakshadweep,Female,33000
2022,Lakshadweep,Total,68000
2022,Lakshadweep,Male,35000
2022,Lakshadweep,Female,33000
2023,Lakshadweep,Total,69000
2023,Lakshadweep,Male,35000
2023,Lakshadweep,Female,33000
2024,Lakshadweep,Total,69000
2024,Lakshadweep,Male,35000
2024,Lakshadweep,Female,34000
2025,Lakshadweep,Total,69000
2025,Lakshadweep,Male,36000
2025,Lakshadweep,Female,34000
2026,Lakshadweep,Total,70000
2026,Lakshadweep,Male,36000
2026,Lakshadweep,Female,34000
2027,Lakshadweep,Total,70000
2027,Lakshadweep,Male,36000
2027,Lakshadweep,Female,34000
2028,Lakshadweep,Total,70000
2028,Lakshadweep,Male,36000
2028,Lakshadweep,Female,34000
2029,Lakshadweep,Total,70000
2029,Lakshadweep,Male,36000
2029,Lakshadweep,Female,34000
2030,Lakshadweep,Total,70000
2030,Lakshadweep,Male,36000
2030,Lakshadweep,Female,34000
2031,Lakshadweep,Total,71000
2031,Lakshadweep,Male,36000
2031,Lakshadweep,Female,34000
2032,Lakshadweep,Total,71000
2032,Lakshadweep,Male,36000
2032,Lakshadweep,Female,34000
2033,Lakshadweep,Total,71000
2033,Lakshadweep,Male,36000
2033,Lakshadweep,Female,35000
2034,Lakshadweep,Total,71000
2034,Lakshadweep,Male,37000
2034,Lakshadweep,Female,35000
2035,Lakshadweep,Total,71000
2035,Lakshadweep,Male,37000
2035,Lakshadweep,Female,35000
2036,Lakshadweep,Total,71000
2036,Lakshadweep,Male,37000
2036,Lakshadweep,Female,35000
2011,Madhya Pradesh,Total,72627000
2011,Madhya Pradesh,Male,37612000
2011,Madhya Pradesh,Female,35015000
2012,Madhya Pradesh,Total,73863000
2012,Madhya Pradesh,Male,38237000
2012,Madhya Pradesh,Female,35625000
2013,Madhya Pradesh,Total,75099000
2013,Madhya Pradesh,Male,38862000
2013,Madhya Pradesh,Female,36236000
2014,Madhya Pradesh,Total,76334000
2014,Madhya Pradesh,Male,39487000
2014,Madhya Pradesh,Female,36847000
2015,Madhya Pradesh,Total,77570000
2015,Madhya Pradesh,Male,40112000
2015,Madhya Pradesh,Female,37458000
2016,Madhya Pradesh,Total,78806000
2016,Madhya Pradesh,Male,40737000
2016,Madhya Pradesh,Female,38069000
2017,Madhya Pradesh,Total,79948000
2017,Madhya Pradesh,Male,41312000
2017,Madhya Pradesh,Female,38637000
2018,Madhya Pradesh,Total,81090000
2018,Madhya Pradesh,Male,41886000
2018,Madhya Pradesh,Female,39204000
2019,Madhya Pradesh,Total,82232000
2019,Madhya Pradesh,Male,42460000
2019,Madhya Pradesh,Female,39772000
2020,Madhya Pradesh,Total,83374000
2020,Madhya Pradesh,Male,43035000
2020,Madhya Pradesh,Female,40339000
2021,Madhya Pradesh,Total,84516000
2021,Madhya Pradesh,Male,43609000
2021,Madhya Pradesh,Female,40907000
2022,Madhya Pradesh,Total,85548000
2022,Madhya Pradesh,Male,44119000
2022,Madhya Pradesh,Female,41429000
2023,Madhya Pradesh,Total,86579000
2023,Madhya Pradesh,Male,44629000
2023,Madhya Pradesh,Female,41950000
2024,Madhya Pradesh,Total,87610000
2024,Madhya Pradesh,Male,45138000
2024,Madhya Pradesh,Female,42472000
2025,Madhya Pradesh,Total,88641000
2025,Madhya Pradesh,Male,45648000
2025,Madhya Pradesh,Female,42994000
2026,Madhya Pradesh,Total,89673000
2026,Madhya Pradesh,Male,46157000
2026,Madhya Pradesh,Female,43515000
2027,Madhya Pradesh,Total,90549000
2027,Madhya Pradesh,Male,46584000
2027,Madhya Pradesh,Female,43966000
2028,Madhya Pradesh,Total,91426000
2028,Madhya Pradesh,Male,47010000
2028,Madhya Pradesh,Female,44417000
2029,Madhya Pradesh,Total,92303000
2029,Madhya Pradesh,Male,47436000
2029,Madhya Pradesh,Female,44867000
2030,Madhya Pradesh,Total,93180000
2030,Madhya Pradesh,Male,47862000
2030,Madhya Pradesh,Female,45318000
2031,Madhya Pradesh,Total,94057000
2031,Madhya Pradesh,Male,48288000
2031,Madhya Pradesh,Female,45769000
2032,Madhya Pradesh,Total,94806000
2032,Madhya Pradesh,Male,48645000
2032,Madhya Pradesh,Female,46161000
2033,Madhya Pradesh,Total,95556000
2033,Madhya Pradesh,Male,49002000
2033,Madhya Pradesh,Female,46554000
2034,Madhya Pradesh,Total,96305000
2034,Madhya Pradesh,Male,49359000
2034,Madhya Pradesh,Female,46946000
2035,Madhya Pradesh,Total,97055000
2035,Madhya Pradesh,Male,49716000
2035,Madhya Pradesh,Female,47339000
2036,Madhya Pradesh,Total,97804000
2036,Madhya Pradesh,Male,50073000
2036,Madhya Pradesh,Female,47731000
2011,Maharashtra,Total,112374000
2011,Maharashtra,Male,58243000
2011,Maharashtra,Female,54131000
2012,Maharashtra,Total,113645000
2012,Maharashtra,Male,58924000
2012,Maharashtra,Female,54721000
2013,Maharashtra,Total,114915000
2013,Maharashtra,Male,59606000
2013,Maharashtra,Female,55310000
2014,Maharashtra,Total,116186000
2014,Maharashtra,Male,60287000
2014,Maharashtra,Female,55899000
2015,Maharashtra,Total,117456000
2015,Maharashtra,Male,60968000
2015,Maharashtra,Female,56488000
2016,Maharashtra,Total,118727000
2016,Maharashtra,Male,61649000
2016,Maharashtra,Female,57078000
2017,Maharashtra,Total,119869000
2017,Maharashtra,Male,62260000
2017,Maharashtra,Female,57609000
2018,Maharashtra,Total,121011000
2018,Maharashtra,Male,62870000
2018,Maharashtra,Female,58140000
2019,Maharashtra,Total,122153000
2019,Maharashtra,Male,63481000
2019,Maharashtra,Female,58672000
2020,Maharashtra,Total,123295000
2020,Maharashtra,Male,64091000
2020,Maharashtra,Female,59203000
2021,Maharashtra,Total,124437000
2021,Maharashtra,Male,64702000
2021,Maharashtra,Female,59735000
2022,Maharashtra,Total,125411000
2022,Maharashtra,Male,65220000
2022,Maharashtra,Female,60191000
2023,Maharashtra,Total,126385000
2023,Maharashtra,Male,65738000
2023,Maharashtra,Female,60647000
2024,Maharashtra,Total,127360000
2024,Maharashtra,Male,66256000
2024,Maharashtra,Female,61103000
2025,Maharashtra,Total,128334000
2025,Maharashtra,Male,66774000
2025,Maharashtra,Female,61560000
2026,Maharashtra,Total,129308000
2026,Maharashtra,Male,67292000
2026,Maharashtra,Female,62016000
2027,Maharashtra,Total,130137000
2027,Maharashtra,Male,67730000
2027,Maharashtra,Female,62406000
2028,Maharashtra,Total,130965000
2028,Maharashtra,Male,68169000
2028,Maharashtra,Female,62796000
2029,Maharashtra,Total,131794000
2029,Maharashtra,Male,68607000
2029,Maharashtra,Female,63187000
2030,Maharashtra,Total,132622000
2030,Maharashtra,Male,69046000
2030,Maharashtra,Female,63577000
2031,Maharashtra,Total,133451000
2031,Maharashtra,Male,69484000
2031,Maharashtra,Female,63967000
2032,Maharashtra,Total,134114000
2032,Maharashtra,Male,69829000
2032,Maharashtra,Female,64285000
2033,Maharashtra,Total,134776000
2033,Maharashtra,Male,70174000
2033,Maharashtra,Female,64602000
2034,Maharashtra,Total,135439000
2034,Maharashtra,Male,70518000
2034,Maharashtra,Female,64920000
2035,Maharashtra,Total,136101000
2035,Maharashtra,Male,70863000
2035,Maharashtra,Female,65238000
2036,Maharashtra,Total,136764000
2036,Maharashtra,Male,71208000
2036,Maharashtra,Female,65556000
2011,Manipur,Total,2856000
2011,Manipur,Male,1439000
2011,Manipur,Female,1417000
2012,Manipur,Total,2887000
2012,Manipur,Male,1454000
2012,Manipur,Female,1433000
2013,Manipur,Total,2918000
2013,Manipur,Male,1469000
2013,Manipur,Female,1449000
2014,Manipur,Total,2949000
2014,Manipur,Male,1485000
2014,Manipur,Female,1465000
2015,Manipur,Total,2980000
2015,Manipur,Male,1500000
2015,Manipur,Female,1481000
2016,Manipur,Total,3012000
2016,Manipur,Male,1515000
2016,Manipur,Female,1497000
2017,Manipur,Total,3042000
2017,Manipur,Male,1530000
2017,Manipur,Female,1512000
2018,Manipur,Total,3073000
2018,Manipur,Male,1545000
2018,Manipur,Female,1528000
2019,Manipur,Total,3103000
2019,Manipur,Male,1560000
2019,Manipur,Female,1544000
2020,Manipur,Total,3134000
2020,Manipur,Male,1575000
2020,Manipur,Female,1560000
2021,Manipur,Total,3165000
2021,Manipur,Male,1589000
2021,Manipur,Female,1575000
2022,Manipur,Total,3194000
2022,Manipur,Male,1603000
2022,Manipur,Female,1591000
2023,Manipur,Total,3223000
2023,Manipur,Male,1618000
2023,Manipur,Female,1606000
2024,Manipur,Total,3253000
2024,Manipur,Male,1632000
2024,Manipur,Female,1621000
2025,Manipur,Total,3282000
2025,Manipur,Male,1646000
2025,Manipur,Female,1636000
2026,Manipur,Total,3311000
2026,Manipur,Male,1660000
2026,Manipur,Female,1652000
2027,Manipur,Total,3338000
2027,Manipur,Male,1672000
2027,Manipur,Female,1666000
2028,Manipur,Total,3364000
2028,Manipur,Male,1685000
2028,Manipur,Female,1680000
2029,Manipur,Total,3391000
2029,Manipur,Male,1697000
2029,Manipur,Female,1694000
2030,Manipur,Total,3417000
2030,Manipur,Male,1710000
2030,Manipur,Female,1708000
2031,Manipur,Total,3444000
2031,Manipur,Male,1722000
2031,Manipur,Female,1722000
2032,Manipur,Total,3465000
2032,Manipur,Male,1732000
2032,Manipur,Female,1733000
2033,Manipur,Total,3485000
2033,Manipur,Male,1741000
2033,Manipur,Female,1744000
2034,Manipur,Total,3506000
2034,Manipur,Male,1751000
2034,Manipur,Female,1756000
2035,Manipur,Total,3527000
2035,Manipur,Male,1760000
2035,Manipur,Female,1767000
2036,Manipur,Total,3548000
2036,Manipur,Male,1770000
2036,Manipur,Female,1779000
2011,Meghalaya,Total,2967000
2011,Meghalaya,Male,1492000
2011,Meghalaya,Female,1475000
2012,Meghalaya,Total,2999000
2012,Meghalaya,Male,1508000
2012,Meghalaya,Female,1492000
2013,Meghalaya,Total,3032000
2013,Meghalaya,Male,1524000
2013,Meghalaya,Female,1508000
2014,Meghalaya,Total,3064000
2014,Meghalaya,Male,1539000
2014,Meghalaya,Female,1525000
2015,Meghalaya,Total,3096000
2015,Meghalaya,Male,1555000
2015,Meghalaya,Female,1541000
2016,Meghalaya,Total,3129000
2016,Meghalaya,Male,1571000
2016,Meghalaya,Female,1558000
2017,Meghalaya,Total,3161000
2017,Meghalaya,Male,1587000
2017,Meghalaya,Female,1574000
2018,Meghalaya,Total,3192000
2018,Meghalaya,Male,1602000
2018,Meghalaya,Female,1590000
2019,Meghalaya,Total,3224000
2019,Meghalaya,Male,1617000
2019,Meghalaya,Female,1607000
2020,Meghalaya,Total,3256000
2020,Meghalaya,Male,1633000
2020,Meghalaya,Female,1623000
2021,Meghalaya,Total,3288000
2021,Meghalaya,Male,1648000
2021,Meghalaya,Female,1640000
2022,Meghalaya,Total,3318000
2022,Meghalaya,Male,1663000
2022,Meghalaya,Female,1655000
2023,Meghalaya,Total,3349000
2023,Meghalaya,Male,1677000
2023,Meghalaya,Female,1671000
2024,Meghalaya,Total,3379000
2024,Meghalaya,Male,1692000
2024,Meghalaya,Female,1687000
2025,Meghalaya,Total,3410000
2025,Meghalaya,Male,1707000
2025,Meghalaya,Female,1703000
2026,Meghalaya,Total,3440000
2026,Meghalaya,Male,1721000
2026,Meghalaya,Female,1719000
2027,Meghalaya,Total,3468000
2027,Meghalaya,Male,1734000
2027,Meghalaya,Female,1734000
2028,Meghalaya,Total,3495000
2028,Meghalaya,Male,1747000
2028,Meghalaya,Female,1748000
2029,Meghalaya,Total,3523000
2029,Meghalaya,Male,1760000
2029,Meghalaya,Female,1763000
2030,Meghalaya,Total,3550000
2030,Meghalaya,Male,1773000
2030,Meghalaya,Female,1777000
2031,Meghalaya,Total,3578000
2031,Meghalaya,Male,1786000
2031,Meghalaya,Female,1792000
2032,Meghalaya,Total,3599000
2032,Meghalaya,Male,1796000
2032,Meghalaya,Female,1804000
2033,Meghalaya,Total,3621000
2033,Meghalaya,Male,1806000
2033,Meghalaya,Female,1816000
2034,Meghalaya,Total,3643000
2034,Meghalaya,Male,1816000
2034,Meghalaya,Female,1827000
2035,Meghalaya,Total,3664000
2035,Meghalaya,Male,1826000
2035,Meghalaya,Female,1839000
2036,Meghalaya,Total,3686000
2036,Meghalaya,Male,1836000
2036,Meghalaya,Female,1851000
2011,Mizoram,Total,1097000
2011,Mizoram,Male,555000
2011,Mizoram,Female,542000
2012,Mizoram,Total,1109000
2012,Mizoram,Male,561000
2012,Mizoram,Female,548000
2013,Mizoram,Total,1121000
2013,Mizoram,Male,567000
2013,Mizoram,Female,554000
2014,Mizoram,Total,1133000
2014,Mizoram,Male,573000
2014,Mizoram,Female,560000
2015,Mizoram,Total,1145000
2015,Mizoram,Male,579000
2015,Mizoram,Female,566000
2016,Mizoram,Total,1157000
2016,Mizoram,Male,585000
2016,Mizoram,Female,572000
2017,Mizoram,Total,1169000
2017,Mizoram,Male,591000
2017,Mizoram,Female,578000
2018,Mizoram,Total,1181000
2018,Mizoram,Male,596000
2018,Mizoram,Female,584000
2019,Mizoram,Total,1192000
2019,Mizoram,Male,602000
2019,Mizoram,Female,590000
2020,Mizoram,Total,1204000
2020,Mizoram,Male,608000
2020,Mizoram,Female,596000
2021,Mizoram,Total,1216000
2021,Mizoram,Male,614000
2021,Mizoram,Female,602000
2022,Mizoram,Total,1227000
2022,Mizoram,Male,619000
2022,Mizoram,Female,608000
2023,Mizoram,Total,1238000
2023,Mizoram,Male,624000
2023,Mizoram,Female,614000
2024,Mizoram,Total,1250000
2024,Mizoram,Male,630000
2024,Mizoram,Female,620000
2025,Mizoram,Total,1261000
2025,Mizoram,Male,635000
2025,Mizoram,Female,626000
2026,Mizoram,Total,1272000
2026,Mizoram,Male,641000
2026,Mizoram,Female,632000
2027,Mizoram,Total,1282000
2027,Mizoram,Male,646000
2027,Mizoram,Female,637000
2028,Mizoram,Total,1293000
2028,Mizoram,Male,650000
2028,Mizoram,Female,642000
2029,Mizoram,Total,1303000
2029,Mizoram,Male,655000
2029,Mizoram,Female,648000
2030,Mizoram,Total,1313000
2030,Mizoram,Male,660000
2030,Mizoram,Female,653000
2031,Mizoram,Total,1323000
2031,Mizoram,Male,665000
2031,Mizoram,Female,658000
2032,Mizoram,Total,1331000
2032,Mizoram,Male,669000
2032,Mizoram,Female,663000
2033,Mizoram,Total,1339000
2033,Mizoram,Male,672000
2033,Mizoram,Female,667000
2034,Mizoram,Total,1347000
2034,Mizoram,Male,676000
2034,Mizoram,Female,671000
2035,Mizoram,Total,1355000
2035,Mizoram,Male,680000
2035,Mizoram,Female,676000
2036,Mizoram,Total,1363000
2036,Mizoram,Male,683000
2036,Mizoram,Female,680000
2011,Nagaland,Total,1979000
2011,Nagaland,Male,1025000
2011,Nagaland,Female,954000
2012,Nagaland,Total,2000000
2012,Nagaland,Male,1036000
2012,Nagaland,Female,965000
2013,Nagaland,Total,2022000
2013,Nagaland,Male,1046000
2013,Nagaland,Female,975000
2014,Nagaland,Total,2043000
2014,Nagaland,Male,1057000
2014,Nagaland,Female,986000
2015,Nagaland,Total,2065000
2015,Nagaland,Male,1068000
2015,Nagaland,Female,997000
2016,Nagaland,Total,2086000
2016,Nagaland,Male,1079000
2016,Nagaland,Female,1007000
2017,Nagaland,Total,2108000
2017,Nagaland,Male,1090000
2017,Nagaland,Female,1018000
2018,Nagaland,Total,2129000
2018,Nagaland,Male,1100000
2018,Nagaland,Female,1028000
2019,Nagaland,Total,2150000
2019,Nagaland,Male,1111000
2019,Nagaland,Female,1039000
2020,Nagaland,Total,2171000
2020,Nagaland,Male,1121000
2020,Nagaland,Female,1050000
2021,Nagaland,Total,2192000
2021,Nagaland,Male,1132000
2021,Nagaland,Female,1060000
2022,Nagaland,Total,2213000
2022,Nagaland,Male,1142000
2022,Nagaland,Female,1071000
2023,Nagaland,Total,2233000
2023,Nagaland,Male,1152000
2023,Nagaland,Female,1081000
2024,Nagaland,Total,2253000
2024,Nagaland,Male,1162000
2024,Nagaland,Female,1091000
2025,Nagaland,Total,2274000
2025,Nagaland,Male,1172000
2025,Nagaland,Female,1101000
2026,Nagaland,Total,2294000
2026,Nagaland,Male,1182000
2026,Nagaland,Female,1112000
2027,Nagaland,Total,2312000
2027,Nagaland,Male,1191000
2027,Nagaland,Female,1121000
2028,Nagaland,Total,2331000
2028,Nagaland,Male,1200000
2028,Nagaland,Female,1130000
2029,Nagaland,Total,2349000
2029,Nagaland,Male,1209000
2029,Nagaland,Female,1140000
2030,Nagaland,Total,2367000
2030,Nagaland,Male,1218000
2030,Nagaland,Female,1149000
2031,Nagaland,Total,2386000
2031,Nagaland,Male,1227000
2031,Nagaland,Female,1159000
2032,Nagaland,Total,2400000
2032,Nagaland,Male,1234000
2032,Nagaland,Female,1166000
2033,Nagaland,Total,2415000
2033,Nagaland,Male,1240000
2033,Nagaland,Female,1174000
2034,Nagaland,Total,2429000
2034,Nagaland,Male,1247000
2034,Nagaland,Female,1182000
2035,Nagaland,Total,2444000
2035,Nagaland,Male,1254000
2035,Nagaland,Female,1189000
2036,Nagaland,Total,2458000
2036,Nagaland,Male,1261000
2036,Nagaland,Female,1197000
2011,Odisha,Total,41974000
2011,Odisha,Male,21212000
2011,Odisha,Female,20762000
2012,Odisha,Total,42373000
2012,Odisha,Male,21406000
2012,Odisha,Female,20967000
2013,Odisha,Total,42771000
2013,Odisha,Male,21599000
2013,Odisha,Female,21172000
2014,Odisha,Total,43170000
2014,Odisha,Male,21793000
2014,Odisha,Female,21377000
2015,Odisha,Total,43568000
2015,Odisha,Male,21986000
2015,Odisha,Female,21582000
2016,Odisha,Total,43966000
2016,Odisha,Male,22179000
2016,Odisha,Female,21787000
2017,Odisha,Total,44312000
2017,Odisha,Male,22344000
2017,Odisha,Female,21968000
2018,Odisha,Total,44658000
2018,Odisha,Male,22509000
2018,Odisha,Female,22149000
2019,Odisha,Total,45004000
2019,Odisha,Male,22673000
2019,Odisha,Female,22331000
2020,Odisha,Total,45350000
2020,Odisha,Male,22838000
2020,Odisha,Female,22512000
2021,Odisha,Total,45696000
2021,Odisha,Male,23003000
2021,Odisha,Female,22693000
2022,Odisha,Total,45987000
2022,Odisha,Male,23141000
2022,Odisha,Female,22846000
2023,Odisha,Total,46276000
2023,Odisha,Male,23278000
2023,Odisha,Female,22998000
2024,Odisha,Total,46566000
2024,Odisha,Male,23416000
2024,Odisha,Female,23150000
2025,Odisha,Total,46857000
2025,Odisha,Male,23554000
2025,Odisha,Female,23303000
2026,Odisha,Total,47147000
2026,Odisha,Male,23692000
2026,Odisha,Female,23455000
2027,Odisha,Total,47369000
2027,Odisha,Male,23794000
2027,Odisha,Female,23575000
2028,Odisha,Total,47592000
2028,Odisha,Male,23897000
2028,Odisha,Female,23695000
2029,Odisha,Total,47814000
2029,Odisha,Male,23999000
2029,Odisha,Female,23815000
2030,Odisha,Total,48037000
2030,Odisha,Male,24102000
2030,Odisha,Female,23935000
2031,Odisha,Total,48259000
2031,Odisha,Male,24204000
2031,Odisha,Female,24055000
2032,Odisha,Total,48413000
2032,Odisha,Male,24272000
2032,Odisha,Female,24141000
2033,Odisha,Total,48566000
2033,Odisha,Male,24339000
2033,Odisha,Female,24227000
2034,Odisha,Total,48719000
2034,Odisha,Male,24407000
2034,Odisha,Female,24312000
2035,Odisha,Total,48873000
2035,Odisha,Male,24475000
2035,Odisha,Female,24398000
2036,Odisha,Total,49025000
2036,Odisha,Male,24542000
2036,Odisha,Female,24483000
2011,Puducherry,Total,1248000
2011,Puducherry,Male,613000
2011,Puducherry,Female,635000
2012,Puducherry,Total,1279000
2012,Puducherry,Male,626000
2012,Puducherry,Female,653000
2013,Puducherry,Total,1310000
2013,Puducherry,Male,640000
2013,Puducherry,Female,670000
2014,Puducherry,Total,1340000
2014,Puducherry,Male,653000
2014,Puducherry,Female,687000
2015,Puducherry,Total,1371000
2015,Puducherry,Male,667000
2015,Puducherry,Female,704000
2016,Puducherry,Total,1402000
2016,Puducherry,Male,680000
2016,Puducherry,Female,722000
2017,Puducherry,Total,1436000
2017,Puducherry,Male,695000
2017,Puducherry,Female,741000
2018,Puducherry,Total,1470000
2018,Puducherry,Male,709000
2018,Puducherry,Female,760000
2019,Puducherry,Total,1504000
2019,Puducherry,Male,724000
2019,Puducherry,Female,780000
2020,Puducherry,Total,1537000
2020,Puducherry,Male,738000
2020,Puducherry,Female,799000
2021,Puducherry,Total,1571000
2021,Puducherry,Male,753000
2021,Puducherry,Female,819000
2022,Puducherry,Total,1608000
2022,Puducherry,Male,768000
2022,Puducherry,Female,840000
2023,Puducherry,Total,1646000
2023,Puducherry,Male,783000
2023,Puducherry,Female,862000
2024,Puducherry,Total,1683000
2024,Puducherry,Male,799000
2024,Puducherry,Female,884000
2025,Puducherry,Total,1720000
2025,Puducherry,Male,814000
2025,Puducherry,Female,906000
2026,Puducherry,Total,1757000
2026,Puducherry,Male,829000
2026,Puducherry,Female,928000
2027,Puducherry,Total,1798000
2027,Puducherry,Male,845000
2027,Puducherry,Female,952000
2028,Puducherry,Total,1838000
2028,Puducherry,Male,862000
2028,Puducherry,Female,977000
2029,Puducherry,Total,1879000
2029,Puducherry,Male,878000
2029,Puducherry,Female,1002000
2030,Puducherry,Total,1920000
2030,Puducherry,Male,894000
2030,Puducherry,Female,1026000
2031,Puducherry,Total,1961000
2031,Puducherry,Male,910000
2031,Puducherry,Female,1051000
2032,Puducherry,Total,2005000
2032,Puducherry,Male,927000
2032,Puducherry,Female,1078000
2033,Puducherry,Total,2050000
2033,Puducherry,Male,944000
2033,Puducherry,Female,1106000
2034,Puducherry,Total,2094000
2034,Puducherry,Male,961000
2034,Puducherry,Female,1133000
2035,Puducherry,Total,2139000
2035,Puducherry,Male,978000
2035,Puducherry,Female,1161000
2036,Puducherry,Total,2184000
2036,Puducherry,Male,995000
2036,Puducherry,Female,1189000
2011,Punjab,Total,27743000
2011,Punjab,Male,14639000
2011,Punjab,Female,13104000
2012,Punjab,Total,28023000
2012,Punjab,Male,14781000
2012,Punjab,Female,13242000
2013,Punjab,Total,28302000
2013,Punjab,Male,14923000
2013,Punjab,Female,13379000
2014,Punjab,Total,28581000
2014,Punjab,Male,15064000
2014,Punjab,Female,13517000
2015,Punjab,Total,28861000
2015,Punjab,Male,15206000
2015,Punjab,Female,13655000
2016,Punjab,Total,29140000
2016,Punjab,Male,15347000
2016,Punjab,Female,13793000
2017,Punjab,Total,29380000
2017,Punjab,Male,15467000
2017,Punjab,Female,13913000
2018,Punjab,Total,29619000
2018,Punjab,Male,15586000
2018,Punjab,Female,14034000
2019,Punjab,Total,29859000
2019,Punjab,Male,15705000
2019,Punjab,Female,14154000
2020,Punjab,Total,30099000
2020,Punjab,Male,15824000
2020,Punjab,Female,14275000
2021,Punjab,Total,30339000
2021,Punjab,Male,15943000
2021,Punjab,Female,14395000
2022,Punjab,Total,30535000
2022,Punjab,Male,16039000
2022,Punjab,Female,14495000
2023,Punjab,Total,30730000
2023,Punjab,Male,16135000
2023,Punjab,Female,14595000
2024,Punjab,Total,30926000
2024,Punjab,Male,16231000
2024,Punjab,Female,14695000
2025,Punjab,Total,31122000
2025,Punjab,Male,16327000
2025,Punjab,Female,14795000
2026,Punjab,Total,31318000
2026,Punjab,Male,16423000
2026,Punjab,Female,14895000
2027,Punjab,Total,31472000
2027,Punjab,Male,16497000
2027,Punjab,Female,14975000
2028,Punjab,Total,31626000
2028,Punjab,Male,16571000
2028,Punjab,Female,15055000
2029,Punjab,Total,31779000
2029,Punjab,Male,16644000
2029,Punjab,Female,15135000
2030,Punjab,Total,31933000
2030,Punjab,Male,16718000
2030,Punjab,Female,15215000
2031,Punjab,Total,32087000
2031,Punjab,Male,16792000
2031,Punjab,Female,15295000
2032,Punjab,Total,32201000
2032,Punjab,Male,16845000
2032,Punjab,Female,15356000
2033,Punjab,Total,32315000
2033,Punjab,Male,16897000
2033,Punjab,Female,15418000
2034,Punjab,Total,32430000
2034,Punjab,Male,16950000
2034,Punjab,Female,15480000
2035,Punjab,Total,32544000
2035,Punjab,Male,17002000
2035,Punjab,Female,15541000
2036,Punjab,Total,32658000
2036,Punjab,Male,17055000
2036,Punjab,Female,15603000
2011,Rajasthan,Total,68548000
2011,Rajasthan,Male,35551000
2011,Rajasthan,Female,32997000
2012,Rajasthan,Total,69687000
2012,Rajasthan,Male,36111000
2012,Rajasthan,Female,33576000
2013,Rajasthan,Total,70825000
2013,Rajasthan,Male,36670000
2013,Rajasthan,Female,34155000
2014,Rajasthan,Total,71963000
2014,Rajasthan,Male,37230000
2014,Rajasthan,Female,34733000
2015,Rajasthan,Total,73102000
2015,Rajasthan,Male,37790000
2015,Rajasthan,Female,35312000
2016,Rajasthan,Total,74240000
2016,Rajasthan,Male,38350000
2016,Rajasthan,Female,35890000
2017,Rajasthan,Total,75248000
2017,Rajasthan,Male,38834000
2017,Rajasthan,Female,36414000
2018,Rajasthan,Total,76256000
2018,Rajasthan,Male,39318000
2018,Rajasthan,Female,36938000
2019,Rajasthan,Total,77264000
2019,Rajasthan,Male,39803000
2019,Rajasthan,Female,37462000
2020,Rajasthan,Total,78273000
2020,Rajasthan,Male,40287000
2020,Rajasthan,Female,37985000
2021,Rajasthan,Total,79281000
2021,Rajasthan,Male,40772000
2021,Rajasthan,Female,38509000
2022,Rajasthan,Total,80153000
2022,Rajasthan,Male,41178000
2022,Rajasthan,Female,38975000
2023,Rajasthan,Total,81025000
2023,Rajasthan,Male,41584000
2023,Rajasthan,Female,39441000
2024,Rajasthan,Total,81897000
2024,Rajasthan,Male,41990000
2024,Rajasthan,Female,39907000
2025,Rajasthan,Total,82770000
2025,Rajasthan,Male,42397000
2025,Rajasthan,Female,40373000
2026,Rajasthan,Total,83642000
2026,Rajasthan,Male,42803000
2026,Rajasthan,Female,40839000
2027,Rajasthan,Total,84353000
2027,Rajasthan,Male,43116000
2027,Rajasthan,Female,41237000
2028,Rajasthan,Total,85064000
2028,Rajasthan,Male,43429000
2028,Rajasthan,Female,41635000
2029,Rajasthan,Total,85775000
2029,Rajasthan,Male,43742000
2029,Rajasthan,Female,42033000
2030,Rajasthan,Total,86487000
2030,Rajasthan,Male,44055000
2030,Rajasthan,Female,42431000
2031,Rajasthan,Total,87198000
2031,Rajasthan,Male,44369000
2031,Rajasthan,Female,42829000
2032,Rajasthan,Total,87871000
2032,Rajasthan,Male,44705000
2032,Rajasthan,Female,43166000
2033,Rajasthan,Total,88544000
2033,Rajasthan,Male,45041000
2033,Rajasthan,Female,43503000
2034,Rajasthan,Total,89217000
2034,Rajasthan,Male,45376000
2034,Rajasthan,Female,43840000
2035,Rajasthan,Total,89890000
2035,Rajasthan,Male,45712000
2035,Rajasthan,Female,44177000
2036,Rajasthan,Total,90563000
2036,Rajasthan,Male,46048000
2036,Rajasthan,Female,44514000
2011,Sikkim,Total,611000
2011,Sikkim,Male,323000
2011,Sikkim,Female,288000
2012,Sikkim,Total,617000
2012,Sikkim,Male,327000
2012,Sikkim,Female,291000
2013,Sikkim,Total,624000
2013,Sikkim,Male,330000
2013,Sikkim,Female,294000
2014,Sikkim,Total,631000
2014,Sikkim,Male,333000
2014,Sikkim,Female,297000
2015,Sikkim,Total,637000
2015,Sikkim,Male,337000
2015,Sikkim,Female,300000
2016,Sikkim,Total,644000
2016,Sikkim,Male,340000
2016,Sikkim,Female,304000
2017,Sikkim,Total,650000
2017,Sikkim,Male,344000
2017,Sikkim,Female,307000
2018,Sikkim,Total,657000
2018,Sikkim,Male,347000
2018,Sikkim,Female,310000
2019,Sikkim,Total,664000
2019,Sikkim,Male,350000
2019,Sikkim,Female,313000
2020,Sikkim,Total,670000
2020,Sikkim,Male,354000
2020,Sikkim,Female,316000
2021,Sikkim,Total,677000
2021,Sikkim,Male,357000
2021,Sikkim,Female,320000
2022,Sikkim,Total,683000
2022,Sikkim,Male,360000
2022,Sikkim,Female,323000
2023,Sikkim,Total,689000
2023,Sikkim,Male,363000
2023,Sikkim,Female,326000
2024,Sikkim,Total,695000
2024,Sikkim,Male,366000
2024,Sikkim,Female,329000
2025,Sikkim,Total,702000
2025,Sikkim,Male,370000
2025,Sikkim,Female,332000
2026,Sikkim,Total,708000
2026,Sikkim,Male,373000
2026,Sikkim,Female,335000
2027,Sikkim,Total,714000
2027,Sikkim,Male,376000
2027,Sikkim,Female,338000
2028,Sikkim,Total,719000
2028,Sikkim,Male,378000
2028,Sikkim,Female,341000
2029,Sikkim,Total,725000
2029,Sikkim,Male,381000
2029,Sikkim,Female,344000
2030,Sikkim,Total,731000
2030,Sikkim,Male,384000
2030,Sikkim,Female,346000
2031,Sikkim,Total,736000
2031,Sikkim,Male,387000
2031,Sikkim,Female,349000
2032,Sikkim,Total,741000
2032,Sikkim,Male,389000
2032,Sikkim,Female,352000
2033,Sikkim,Total,745000
2033,Sikkim,Male,391000
2033,Sikkim,Female,354000
2034,Sikkim,Total,750000
2034,Sikkim,Male,393000
2034,Sikkim,Female,356000
2035,Sikkim,Total,754000
2035,Sikkim,Male,395000
2035,Sikkim,Female,359000
2036,Sikkim,Total,759000
2036,Sikkim,Male,397000
2036,Sikkim,Female,361000
2011,Tamil Nadu,Total,72147000
2011,Tamil Nadu,Male,36138000
2011,Tamil Nadu,Female,36009000
2012,Tamil Nadu,Total,72645000
2012,Tamil Nadu,Male,36379000
2012,Tamil Nadu,Female,36266000
2013,Tamil Nadu,Total,73142000
2013,Tamil Nadu,Male,36619000
2013,Tamil Nadu,Female,36523000
2014,Tamil Nadu,Total,73640000
2014,Tamil Nadu,Male,36860000
2014,Tamil Nadu,Female,36780000
2015,Tamil Nadu,Total,74137000
2015,Tamil Nadu,Male,37101000
2015,Tamil Nadu,Female,37037000
2016,Tamil Nadu,Total,74635000
2016,Tamil Nadu,Male,37342000
2016,Tamil Nadu,Female,37294000
2017,Tamil Nadu,Total,74989000
2017,Tamil Nadu,Male,37506000
2017,Tamil Nadu,Female,37482000
2018,Tamil Nadu,Total,75342000
2018,Tamil Nadu,Male,37671000
2018,Tamil Nadu,Female,37671000
2019,Tamil Nadu,Total,75695000
2019,Tamil Nadu,Male,37836000
2019,Tamil Nadu,Female,37860000
2020,Tamil Nadu,Total,76049000
2020,Tamil Nadu,Male,38000000
2020,Tamil Nadu,Female,38049000
2021,Tamil Nadu,Total,76402000
2021,Tamil Nadu,Male,38165000
2021,Tamil Nadu,Female,38237000
2022,Tamil Nadu,Total,76631000
2022,Tamil Nadu,Male,38263000
2022,Tamil Nadu,Female,38368000
2023,Tamil Nadu,Total,76860000
2023,Tamil Nadu,Male,38361000
2023,Tamil Nadu,Female,38499000
2024,Tamil Nadu,Total,77089000
2024,Tamil Nadu,Male,38458000
2024,Tamil Nadu,Female,38630000
2025,Tamil Nadu,Total,77317000
2025,Tamil Nadu,Male,38556000
2025,Tamil Nadu,Female,38761000
2026,Tamil Nadu,Total,77546000
2026,Tamil Nadu,Male,38654000
2026,Tamil Nadu,Female,38892000
2027,Tamil Nadu,Total,77653000
2027,Tamil Nadu,Male,38689000
2027,Tamil Nadu,Female,38964000
2028,Tamil Nadu,Total,77761000
2028,Tamil Nadu,Male,38724000
2028,Tamil Nadu,Female,39036000
2029,Tamil Nadu,Total,77868000
2029,Tamil Nadu,Male,38760000
2029,Tamil Nadu,Female,39108000
2030,Tamil Nadu,Total,77975000
2030,Tamil Nadu,Male,38795000
2030,Tamil Nadu,Female,39180000
2031,Tamil Nadu,Total,78082000
2031,Tamil Nadu,Male,38830000
2031,Tamil Nadu,Female,39252000
2032,Tamil Nadu,Total,78079000
2032,Tamil Nadu,Male,38812000
2032,Tamil Nadu,Female,39267000
2033,Tamil Nadu,Total,78076000
2033,Tamil Nadu,Male,38794000
2033,Tamil Nadu,Female,39282000
2034,Tamil Nadu,Total,78073000
2034,Tamil Nadu,Male,38775000
2034,Tamil Nadu,Female,39297000
2035,Tamil Nadu,Total,78070000
2035,Tamil Nadu,Male,38757000
2035,Tamil Nadu,Female,39313000
2036,Tamil Nadu,Total,78067000
2036,Tamil Nadu,Male,38739000
2036,Tamil Nadu,Female,39328000
2011,Telangana,Total,35004000
2011,Telangana,Male,17612000
2011,Telangana,Female,17392000
2012,Telangana,Total,35295000
2012,Telangana,Male,17758000
2012,Telangana,Female,17537000
2013,Telangana,Total,35587000
2013,Telangana,Male,17905000
2013,Telangana,Female,17682000
2014,Telangana,Total,35878000
2014,Telangana,Male,18052000
2014,Telangana,Female,17826000
2015,Telangana,Total,36170000
2015,Telangana,Male,18199000
2015,Telangana,Female,17971000
2016,Telangana,Total,36462000
2016,Telangana,Male,18346000
2016,Telangana,Female,18116000
2017,Telangana,Total,36714000
2017,Telangana,Male,18472000
2017,Telangana,Female,18242000
2018,Telangana,Total,36967000
2018,Telangana,Male,18599000
2018,Telangana,Female,18368000
2019,Telangana,Total,37220000
2019,Telangana,Male,18725000
2019,Telangana,Female,18495000
2020,Telangana,Total,37473000
2020,Telangana,Male,18852000
2020,Telangana,Female,18621000
2021,Telangana,Total,37725000
2021,Telangana,Male,18978000
2021,Telangana,Female,18747000
2022,Telangana,Total,37907000
2022,Telangana,Male,19066000
2022,Telangana,Female,18842000
2023,Telangana,Total,38090000
2023,Telangana,Male,19154000
2023,Telangana,Female,18936000
2024,Telangana,Total,38272000
2024,Telangana,Male,19241000
2024,Telangana,Female,19030000
2025,Telangana,Total,38454000
2025,Telangana,Male,19329000
2025,Telangana,Female,19125000
2026,Telangana,Total,38636000
2026,Telangana,Male,19417000
2026,Telangana,Female,19219000
2027,Telangana,Total,38750000
2027,Telangana,Male,19468000
2027,Telangana,Female,19282000
2028,Telangana,Total,38864000
2028,Telangana,Male,19520000
2028,Telangana,Female,19344000
2029,Telangana,Total,38978000
2029,Telangana,Male,19572000
2029,Telangana,Female,19407000
2030,Telangana,Total,39092000
2030,Telangana,Male,19623000
2030,Telangana,Female,19469000
2031,Telangana,Total,39207000
2031,Telangana,Male,19675000
2031,Telangana,Female,19532000
2032,Telangana,Total,39259000
2032,Telangana,Male,19694000
2032,Telangana,Female,19564000
2033,Telangana,Total,39311000
2033,Telangana,Male,19714000
2033,Telangana,Female,19597000
2034,Telangana,Total,39363000
2034,Telangana,Male,19733000
2034,Telangana,Female,19630000
2035,Telangana,Total,39415000
2035,Telangana,Male,19752000
2035,Telangana,Female,19663000
2036,Telangana,Total,39467000
2036,Telangana,Male,19772000
2036,Telangana,Female,19696000
2011,Tripura,Total,3674000
2011,Tripura,Male,1874000
2011,Tripura,Female,1800000
2012,Tripura,Total,3714000
2012,Tripura,Male,1894000
2012,Tripura,Female,1820000
2013,Tripura,Total,3754000
2013,Tripura,Male,1914000
2013,Tripura,Female,1840000
2014,Tripura,Total,3794000
2014,Tripura,Male,1934000
2014,Tripura,Female,1860000
2015,Tripura,Total,3834000
2015,Tripura,Male,1954000
2015,Tripura,Female,1880000
2016,Tripura,Total,3874000
2016,Tripura,Male,1974000
2016,Tripura,Female,1900000
2017,Tripura,Total,3914000
2017,Tripura,Male,1993000
2017,Tripura,Female,1920000
2018,Tripura,Total,3953000
2018,Tripura,Male,2013000
2018,Tripura,Female,1940000
2019,Tripura,Total,3992000
2019,Tripura,Male,2032000
2019,Tripura,Female,1960000
2020,Tripura,Total,4032000
2020,Tripura,Male,2052000
2020,Tripura,Female,1980000
2021,Tripura,Total,4071000
2021,Tripura,Male,2071000
2021,Tripura,Female,2000000
2022,Tripura,Total,4109000
2022,Tripura,Male,2089000
2022,Tripura,Female,2020000
2023,Tripura,Total,4147000
2023,Tripura,Male,2108000
2023,Tripura,Female,2039000
2024,Tripura,Total,4184000
2024,Tripura,Male,2126000
2024,Tripura,Female,2058000
2025,Tripura,Total,4222000
2025,Tripura,Male,2144000
2025,Tripura,Female,2078000
2026,Tripura,Total,4260000
2026,Tripura,Male,2163000
2026,Tripura,Female,2097000
2027,Tripura,Total,4294000
2027,Tripura,Male,2179000
2027,Tripura,Female,2115000
2028,Tripura,Total,4328000
2028,Tripura,Male,2195000
2028,Tripura,Female,2133000
2029,Tripura,Total,4362000
2029,Tripura,Male,2211000
2029,Tripura,Female,2150000
2030,Tripura,Total,4396000
2030,Tripura,Male,2228000
2030,Tripura,Female,2168000
2031,Tripura,Total,4430000
2031,Tripura,Male,2244000
2031,Tripura,Female,2186000
2032,Tripura,Total,4457000
2032,Tripura,Male,2257000
2032,Tripura,Female,2200000
2033,Tripura,Total,4484000
2033,Tripura,Male,2269000
2033,Tripura,Female,2215000
2034,Tripura,Total,4511000
2034,Tripura,Male,2281000
2034,Tripura,Female,2229000
2035,Tripura,Total,4538000
2035,Tripura,Male,2294000
2035,Tripura,Female,2244000
2036,Tripura,Total,4565000
2036,Tripura,Male,2306000
2036,Tripura,Female,2258000
2011,Uttar Pradesh,Total,199812000
2011,Uttar Pradesh,Male,104481000
2011,Uttar Pradesh,Female,95331000
2012,Uttar Pradesh,Total,203067000
2012,Uttar Pradesh,Male,106146000
2012,Uttar Pradesh,Female,96921000
2013,Uttar Pradesh,Total,206322000
2013,Uttar Pradesh,Male,107812000
2013,Uttar Pradesh,Female,98510000
2014,Uttar Pradesh,Total,209577000
2014,Uttar Pradesh,Male,109477000
2014,Uttar Pradesh,Female,100099000
2015,Uttar Pradesh,Total,212832000
2015,Uttar Pradesh,Male,111143000
2015,Uttar Pradesh,Female,101689000
2016,Uttar Pradesh,Total,216087000
2016,Uttar Pradesh,Male,112809000
2016,Uttar Pradesh,Female,103278000
2017,Uttar Pradesh,Total,219051000
2017,Uttar Pradesh,Male,114316000
2017,Uttar Pradesh,Female,104735000
2018,Uttar Pradesh,Total,222015000
2018,Uttar Pradesh,Male,115823000
2018,Uttar Pradesh,Female,106192000
2019,Uttar Pradesh,Total,224979000
2019,Uttar Pradesh,Male,117330000
2019,Uttar Pradesh,Female,107649000
2020,Uttar Pradesh,Total,227943000
2020,Uttar Pradesh,Male,118837000
2020,Uttar Pradesh,Female,109106000
2021,Uttar Pradesh,Total,230907000
2021,Uttar Pradesh,Male,120344000
2021,Uttar Pradesh,Female,110563000
2022,Uttar Pradesh,Total,233297000
2022,Uttar Pradesh,Male,121540000
2022,Uttar Pradesh,Female,111757000
2023,Uttar Pradesh,Total,235687000
2023,Uttar Pradesh,Male,122737000
2023,Uttar Pradesh,Female,112951000
2024,Uttar Pradesh,Total,238078000
2024,Uttar Pradesh,Male,123934000
2024,Uttar Pradesh,Female,114144000
2025,Uttar Pradesh,Total,240468000
2025,Uttar Pradesh,Male,125130000
2025,Uttar Pradesh,Female,115338000
2026,Uttar Pradesh,Total,242859000
2026,Uttar Pradesh,Male,126327000
2026,Uttar Pradesh,Female,116532000
2027,Uttar Pradesh,Total,244680000
2027,Uttar Pradesh,Male,127216000
2027,Uttar Pradesh,Female,117463000
2028,Uttar Pradesh,Total,246500000
2028,Uttar Pradesh,Male,128106000
2028,Uttar Pradesh,Female,118395000
2029,Uttar Pradesh,Total,248321000
2029,Uttar Pradesh,Male,128995000
2029,Uttar Pradesh,Female,119327000
2030,Uttar Pradesh,Total,250142000
2030,Uttar Pradesh,Male,129884000
2030,Uttar Pradesh,Female,120258000
2031,Uttar Pradesh,Total,251963000
2031,Uttar Pradesh,Male,130773000
2031,Uttar Pradesh,Female,121190000
2032,Uttar Pradesh,Total,253369000
2032,Uttar Pradesh,Male,131442000
2032,Uttar Pradesh,Female,121927000
2033,Uttar Pradesh,Total,254774000
2033,Uttar Pradesh,Male,132109000
2033,Uttar Pradesh,Female,122665000
2034,Uttar Pradesh,Total,256179000
2034,Uttar Pradesh,Male,132777000
2034,Uttar Pradesh,Female,123402000
2035,Uttar Pradesh,Total,257585000
2035,Uttar Pradesh,Male,133445000
2035,Uttar Pradesh,Female,124139000
2036,Uttar Pradesh,Total,258990000
2036,Uttar Pradesh,Male,134113000
2036,Uttar Pradesh,Female,124877000
2011,Uttarakhand,Total,10086000
2011,Uttarakhand,Male,5138000
2011,Uttarakhand,Female,4949000
2012,Uttarakhand,Total,10220000
2012,Uttarakhand,Male,5209000
2012,Uttarakhand,Female,5010000
2013,Uttarakhand,Total,10354000
2013,Uttarakhand,Male,5281000
2013,Uttarakhand,Female,5072000
2014,Uttarakhand,Total,10487000
2014,Uttarakhand,Male,5353000
2014,Uttarakhand,Female,5134000
2015,Uttarakhand,Total,10621000
2015,Uttarakhand,Male,5425000
2015,Uttarakhand,Female,5196000
2016,Uttarakhand,Total,10755000
2016,Uttarakhand,Male,5496000
2016,Uttarakhand,Female,5258000
2017,Uttarakhand,Total,10884000
2017,Uttarakhand,Male,5565000
2017,Uttarakhand,Female,5319000
2018,Uttarakhand,Total,11013000
2018,Uttarakhand,Male,5634000
2018,Uttarakhand,Female,5379000
2019,Uttarakhand,Total,11141000
2019,Uttarakhand,Male,5702000
2019,Uttarakhand,Female,5439000
2020,Uttarakhand,Total,11270000
2020,Uttarakhand,Male,5771000
2020,Uttarakhand,Female,5499000
2021,Uttarakhand,Total,11399000
2021,Uttarakhand,Male,5840000
2021,Uttarakhand,Female,5560000
2022,Uttarakhand,Total,11518000
2022,Uttarakhand,Male,5902000
2022,Uttarakhand,Female,5616000
2023,Uttarakhand,Total,11637000
2023,Uttarakhand,Male,5965000
2023,Uttarakhand,Female,5672000
2024,Uttarakhand,Total,11755000
2024,Uttarakhand,Male,6027000
2024,Uttarakhand,Female,5728000
2025,Uttarakhand,Total,11874000
2025,Uttarakhand,Male,6089000
2025,Uttarakhand,Female,5784000
2026,Uttarakhand,Total,11993000
2026,Uttarakhand,Male,6152000
2026,Uttarakhand,Female,5841000
2027,Uttarakhand,Total,12099000
2027,Uttarakhand,Male,6207000
2027,Uttarakhand,Female,5892000
2028,Uttarakhand,Total,12205000
2028,Uttarakhand,Male,6263000
2028,Uttarakhand,Female,5943000
2029,Uttarakhand,Total,12312000
2029,Uttarakhand,Male,6318000
2029,Uttarakhand,Female,5994000
2030,Uttarakhand,Total,12418000
2030,Uttarakhand,Male,6373000
2030,Uttarakhand,Female,6045000
2031,Uttarakhand,Total,12524000
2031,Uttarakhand,Male,6428000
2031,Uttarakhand,Female,6096000
2032,Uttarakhand,Total,12614000
2032,Uttarakhand,Male,6476000
2032,Uttarakhand,Female,6138000
2033,Uttarakhand,Total,12704000
2033,Uttarakhand,Male,6523000
2033,Uttarakhand,Female,6181000
2034,Uttarakhand,Total,12794000
2034,Uttarakhand,Male,6571000
2034,Uttarakhand,Female,6224000
2035,Uttarakhand,Total,12884000
2035,Uttarakhand,Male,6618000
2035,Uttarakhand,Female,6266000
2036,Uttarakhand,Total,12974000
2036,Uttarakhand,Male,6665000
2036,Uttarakhand,Female,6309000
2011,West Bengal,Total,91276000
2011,West Bengal,Male,46809000
2011,West Bengal,Female,44467000
2012,West Bengal,Total,92037000
2012,West Bengal,Male,47178000
2012,West Bengal,Female,44858000
2013,West Bengal,Total,92797000
2013,West Bengal,Male,47548000
2013,West Bengal,Female,45250000
2014,West Bengal,Total,93558000
2014,West Bengal,Male,47917000
2014,West Bengal,Female,45641000
2015,West Bengal,Total,94318000
2015,West Bengal,Male,48286000
2015,West Bengal,Female,46032000
2016,West Bengal,Total,95079000
2016,West Bengal,Male,48656000
2016,West Bengal,Female,46423000
2017,West Bengal,Total,95688000
2017,West Bengal,Male,48944000
2017,West Bengal,Female,46744000
2018,West Bengal,Total,96297000
2018,West Bengal,Male,49232000
2018,West Bengal,Female,47066000
2019,West Bengal,Total,96906000
2019,West Bengal,Male,49520000
2019,West Bengal,Female,47387000
2020,West Bengal,Total,97516000
2020,West Bengal,Male,49807000
2020,West Bengal,Female,47708000
2021,West Bengal,Total,98125000
2021,West Bengal,Male,50095000
2021,West Bengal,Female,48029000
2022,West Bengal,Total,98604000
2022,West Bengal,Male,50312000
2022,West Bengal,Female,48292000
2023,West Bengal,Total,99084000
2023,West Bengal,Male,50529000
2023,West Bengal,Female,48554000
2024,West Bengal,Total,99563000
2024,West Bengal,Male,50746000
2024,West Bengal,Female,48817000
2025,West Bengal,Total,100042000
2025,West Bengal,Male,50963000
2025,West Bengal,Female,49079000
2026,West Bengal,Total,100522000
2026,West Bengal,Male,51180000
2026,West Bengal,Female,49342000
2027,West Bengal,Total,100851000
2027,West Bengal,Male,51316000
2027,West Bengal,Female,49535000
2028,West Bengal,Total,101180000
2028,West Bengal,Male,51451000
2028,West Bengal,Female,49729000
2029,West Bengal,Total,101509000
2029,West Bengal,Male,51587000
2029,West Bengal,Female,49922000
2030,West Bengal,Total,101838000
2030,West Bengal,Male,51723000
2030,West Bengal,Female,50115000
2031,West Bengal,Total,102167000
2031,West Bengal,Male,51858000
2031,West Bengal,Female,50309000
2032,West Bengal,Total,102320000
2032,West Bengal,Male,51903000
2032,West Bengal,Female,50417000
2033,West Bengal,Total,102473000
2033,West Bengal,Male,51947000
2033,West Bengal,Female,50526000
2034,West Bengal,Total,102625000
2034,West Bengal,Male,51991000
2034,West Bengal,Female,50634000
2035,West Bengal,Total,102778000
2035,West Bengal,Male,52036000
2035,West Bengal,Female,50742000
2036,West Bengal,Total,102931000
2036,West Bengal,Male,52080000
2036,West Bengal,Female,50851000
